id_cliente,n_transacciones,monto_total,monto_promedio,monto_std,monto_max,monto_min,n_canales,n_tipos,n_productos_prom,prop_exitosas,prop_digital,cluster
1001,11,5332.139999999999,484.74,207.2970042234089,972.78,215.14,2,3,3.363636363636364,0.9090909090909092,1.0,3
1002,7,6639.719999999999,948.5314285714284,852.3017152868766,2460.95,265.99,5,5,2.7142857142857144,1.0,0.4285714285714285,1
1003,8,4015.0,501.875,156.35637617771962,717.97,280.83,2,2,3.125,1.0,1.0,3
1004,5,8961.05,1792.2099999999998,1884.488912331405,4918.08,581.4,3,3,2.0,1.0,0.2,3
1005,9,8347.61,927.5122222222222,1243.7692603611993,3821.05,126.24,4,5,3.111111111111111,0.8888888888888888,0.7777777777777778,1
1006,7,3209.36,458.48,177.97059214001249,661.51,201.16,3,3,2.2857142857142856,1.0,0.8571428571428571,3
1007,9,2727.25,303.02777777777777,109.44370673750248,479.7,120.31,5,3,1.6666666666666667,1.0,0.5555555555555556,1
1008,10,4185.29,418.529,227.1546212727259,991.03,190.83,3,3,2.8,0.9,0.7,3
1009,4,3090.2,772.55,484.8582285575857,1493.24,442.51,2,2,1.75,1.0,0.5,3
1010,10,2409.96,240.996,50.03265826770884,355.77,190.82,5,3,1.9,1.0,0.4,1
1011,6,26138.01,4356.335,1453.9440994034126,5746.59,2147.94,3,2,4.666666666666667,1.0,0.8333333333333334,0
1012,16,3894.26,243.39125,126.7966102004834,636.02,135.48,5,3,2.3125,1.0,0.375,1
1013,11,9412.01,855.6372727272727,447.3420913147098,1855.03,382.88,5,5,2.363636363636364,0.9090909090909092,0.4545454545454545,1
1014,6,2157.51,359.58500000000004,70.56520750341488,451.32,264.55,3,2,3.0,0.8333333333333334,0.6666666666666666,3
1015,6,1434.4,239.0666666666667,159.1455681653331,551.7,129.17,4,2,1.5,1.0,0.6666666666666666,3
1016,6,2461.57,410.2616666666667,178.90467935933555,631.89,224.41,2,2,3.1666666666666665,1.0,1.0,3
1017,13,59838.23,4602.94076923077,14865.220066036954,54075.16,277.21,2,3,2.923076923076923,0.8461538461538461,1.0,0
1018,4,1154.15,288.5375,84.18454346454185,406.36,218.52,1,2,1.5,1.0,0.0,3
1019,12,140383.26000000004,11698.605000000003,39533.79900305664,137234.64,120.21,2,3,3.1666666666666665,0.9166666666666666,1.0,2
1020,8,2245.31,280.66375,243.63689891414236,631.93,23.25,2,4,1.625,1.0,0.0,1
1021,9,3776.57,419.6188888888889,183.9316977470472,719.77,191.25,3,3,3.111111111111111,1.0,0.8888888888888888,3
1022,12,109622.83,9135.235833333334,30041.928891008756,104530.45,288.53,2,3,3.25,0.9166666666666666,1.0,2
1023,8,2508.11,313.51375,265.3536276603355,774.86,45.53,2,3,1.375,0.75,0.0,1
1024,1,249.97,249.97,0.0,249.97,249.97,1,1,1.0,1.0,0.0,3
1025,12,3224.38,268.6983333333333,96.3149162273362,496.35,180.36,4,2,2.333333333333333,0.8333333333333334,0.25,1
1026,7,2540.58,362.94,125.44517275155177,527.92,236.85,2,3,2.857142857142857,1.0,1.0,3
1027,6,5913.4400000000005,985.5733333333334,664.9602610281811,1878.14,124.71,3,4,2.1666666666666665,0.6666666666666666,0.1666666666666666,1
1028,8,7703.82,962.9775,626.9496797932486,2069.06,505.26,5,5,2.25,1.0,0.375,1
1029,9,2333.03,259.2255555555555,87.75085015415962,378.29,149.35,5,3,1.8888888888888888,0.8888888888888888,0.6666666666666666,1
1030,7,142267.63,20323.947142857145,52806.68358897029,140077.97,168.48,3,3,3.2857142857142856,1.0,0.5714285714285714,2
1031,5,18906.72,3781.344,991.4029505352504,5355.26,2731.27,4,2,5.0,0.8,0.6,0
1032,4,300.18,75.045,32.45695867863572,114.09,34.66,2,3,1.75,1.0,0.0,3
1033,5,1315.6,263.12,88.62408250582907,376.5,155.33,4,3,2.4,1.0,0.4,3
1034,4,1139.12,284.78,43.3221244477538,325.66,243.26,3,1,2.25,1.0,0.25,3
1035,7,4273.93,610.5614285714286,363.0112132991932,1068.26,126.33,5,5,2.4285714285714284,1.0,0.2857142857142857,1
1036,5,22435.18,4487.036,3318.188955308302,9683.42,2046.4,4,2,4.2,1.0,0.4,0
1037,5,8184.73,1636.946,2673.6074985176865,6407.6,227.35,3,4,3.2,1.0,0.8,3
1038,6,894.27,149.045,89.32531751972674,271.62,23.07,2,4,1.8333333333333333,1.0,0.0,1
1039,17,8080.78,475.34,175.95500856042716,848.39,207.33,3,3,3.176470588235294,0.9411764705882352,0.7647058823529411,1
1040,10,2389.41,238.941,57.55326160271988,321.19,157.88,5,3,2.0,0.9,0.4,1
1041,11,3173.79,288.5263636363636,182.8237576614553,821.92,169.43,5,3,2.090909090909091,0.9090909090909092,0.4545454545454545,1
1042,6,3118.7200000000003,519.7866666666667,299.42674186963774,890.89,128.2,2,2,2.5,1.0,1.0,3
1043,9,4358.11,484.2344444444444,1074.0019606140288,3343.43,34.04,2,5,1.5555555555555556,1.0,0.0,1
1044,8,68114.6,8514.325,18538.249324925862,53795.32,312.99,4,4,2.5,0.875,0.5,0
1045,5,6081.8,1216.36,1207.3866443480315,3001.88,205.59,4,4,2.2,0.8,0.4,1
1046,5,1426.43,285.286,179.63317909005565,539.12,116.67,4,3,1.8,0.6,0.6,1
1047,12,5423.21,451.9341666666666,110.3622364973498,606.05,298.96,2,3,2.833333333333333,0.9166666666666666,1.0,3
1048,7,8430.32,1204.3314285714284,1036.6368221389234,2464.15,277.24,3,4,2.4285714285714284,1.0,0.4285714285714285,1
1049,10,112936.77,11293.677,34798.42348006621,110331.3,181.47,4,4,2.1,0.5,0.6,2
1050,7,1493.99,213.42714285714283,78.85409452786534,326.66,99.81,4,3,2.142857142857143,1.0,0.2857142857142857,1
1051,6,2487.8,414.6333333333334,196.58945838133508,708.23,209.6,2,3,2.833333333333333,1.0,1.0,3
1052,1,5125.03,5125.03,0.0,5125.03,5125.03,1,1,5.0,1.0,1.0,3
1053,10,2904.37,290.437,149.30365598336832,623.81,125.16,3,3,2.7,0.9,0.6,3
1054,9,6411.360000000001,712.3733333333334,391.1675158419984,1182.43,114.7,5,5,2.7777777777777777,1.0,0.5555555555555556,1
1055,6,1456.3000000000002,242.7166666666667,72.45562881285805,343.31,163.11,4,3,2.1666666666666665,0.8333333333333334,0.6666666666666666,3
1056,6,45551.68,7591.946666666667,7871.591059222186,20940.69,1926.84,3,3,3.8333333333333335,0.8333333333333334,0.3333333333333333,0
1057,4,1579.15,394.7875,71.20199031628259,482.14,326.58,2,2,3.0,0.75,1.0,3
1058,9,3880.46,431.1622222222222,154.171795230011,809.85,305.66,3,2,3.2222222222222223,0.8888888888888888,0.8888888888888888,3
1059,12,4620.23,385.01916666666665,137.96245704461734,616.15,164.9,3,3,3.4166666666666665,1.0,0.9166666666666666,3
1060,7,2546.55,363.79285714285714,264.74890693600514,867.24,146.05,2,3,3.0,1.0,1.0,3
1061,6,3639.88,606.6466666666666,306.56479841408185,918.76,237.13,3,4,2.0,1.0,0.8333333333333334,3
1062,6,2473.52,412.2533333333333,176.03779931215533,687.24,212.67,2,2,2.6666666666666665,1.0,1.0,3
1063,10,3112.04,311.204,118.76837693595044,460.53,161.44,5,3,1.8,0.9,0.5,1
1064,5,3381.49,676.298,332.5128570747303,959.13,134.17,4,3,2.4,0.8,0.4,1
1065,11,1592.9299999999998,144.81181818181815,119.028348456843,392.31,14.47,2,5,1.4545454545454546,1.0,0.0,1
1066,6,1497.41,249.56833333333336,63.51648334618871,354.74,186.59,4,3,1.6666666666666667,0.8333333333333334,0.3333333333333333,1
1067,3,513.96,171.32000000000002,98.9754939366306,285.54,110.82,3,2,2.0,1.0,0.6666666666666666,3
1068,6,3032.55,505.425,248.46492611634343,934.65,230.33,3,4,2.5,0.8333333333333334,0.6666666666666666,3
1069,11,2895.1,263.1909090909091,122.78539460819805,512.91,118.55,5,3,1.7272727272727273,1.0,0.3636363636363636,1
1070,6,30530.17,5088.361666666667,2531.2628714016773,7349.36,1735.76,3,3,5.166666666666667,1.0,0.1666666666666666,0
1071,3,1682.27,560.7566666666667,279.6099812834537,844.03,284.96,2,3,2.6666666666666665,1.0,1.0,3
1072,9,2179.21,242.13444444444443,350.41309989464975,1134.51,25.47,2,4,1.6666666666666667,0.8888888888888888,0.0,1
1073,16,11375.5,710.96875,503.3289791362437,2120.72,115.09,5,6,2.875,0.9375,0.375,1
1074,5,22421.8,4484.36,678.5496799056058,5300.95,3691.95,4,3,4.4,1.0,0.6,0
1075,13,62706.54,4823.58,2861.2250657337904,11076.41,1846.65,5,3,5.076923076923077,0.9230769230769232,0.5384615384615384,0
1076,11,4975.12,452.28363636363633,155.33428232510218,727.48,151.26,2,3,2.909090909090909,0.8181818181818182,1.0,3
1077,3,2483.07,827.69,212.1595227653004,993.95,588.74,2,3,1.3333333333333333,1.0,0.6666666666666666,3
1078,7,2077.15,296.7357142857143,70.63020880075389,361.83,183.53,4,3,1.7142857142857142,1.0,0.5714285714285714,1
1079,6,7255.599999999999,1209.2666666666669,1102.0937850957453,3254.18,178.07,3,5,2.5,1.0,0.0,1
1080,2,494.51,247.255,8.888332239514897,253.54,240.97,2,2,2.0,1.0,1.0,3
1081,6,4819.02,803.17,523.2701212566985,1730.55,262.62,5,4,2.5,1.0,0.3333333333333333,1
1082,8,133989.4,16748.675,45781.49575941135,130048.58,158.21,3,3,2.875,0.875,0.75,2
1083,8,5371.93,671.49125,442.1955887367199,1471.96,183.51,3,5,3.0,0.875,0.375,1
1084,13,12164.1,935.7,699.3788028910608,2622.45,163.08,5,5,2.3076923076923075,0.8461538461538461,0.5384615384615384,1
1085,4,1155.72,288.93,82.79001630631558,385.0,209.08,4,2,2.5,1.0,0.5,3
1086,9,3161.43,351.27,190.9429617058456,790.08,107.1,2,3,2.888888888888889,1.0,1.0,3
1087,8,11742.64,1467.83,1535.8011115375589,4013.53,172.95,4,4,2.125,1.0,0.625,1
1088,9,37492.37,4165.818888888889,1423.7272470301718,6289.37,2032.45,5,2,4.333333333333333,1.0,0.4444444444444444,0
1089,7,8143.88,1163.4114285714286,632.9608489058538,2271.52,632.95,4,5,2.4285714285714284,1.0,0.5714285714285714,1
1090,9,2284.01,253.7788888888889,123.5963964325462,516.83,108.56,4,3,1.5555555555555556,1.0,0.5555555555555556,1
1091,5,1517.16,303.432,162.08626999224825,576.67,148.63,3,3,2.8,1.0,0.8,3
1092,8,7344.16,918.02,854.8821905636221,2571.86,116.52,5,3,2.375,1.0,0.25,1
1093,10,1717.5,171.75,143.49939241063782,377.36,8.53,2,4,1.7,0.9,0.0,1
1094,3,20547.95,6849.316666666666,3305.98052071293,9305.55,3090.45,3,2,4.333333333333333,1.0,0.3333333333333333,0
1095,6,2306.1400000000003,384.35666666666674,198.9168173550609,732.99,146.18,2,3,2.6666666666666665,0.8333333333333334,1.0,3
1096,10,10607.25,1060.725,532.7297341940325,1976.88,268.83,5,5,2.7,1.0,0.3,1
1097,5,2092.9,418.58,250.57516407257924,815.89,118.68,2,2,3.0,0.8,1.0,3
1098,7,1790.29,255.75571428571428,112.86551198323647,496.7,153.03,4,2,2.2857142857142856,0.8571428571428571,0.7142857142857143,3
1099,14,13151.42,939.3871428571427,410.494848996607,1580.27,155.29,5,5,2.642857142857143,1.0,0.5,1
1100,7,3093.48,441.9257142857143,362.4139062755523,1177.98,143.33,2,3,3.4285714285714284,0.8571428571428571,1.0,3
1101,7,1807.3,258.18571428571425,98.87179726918134,398.43,161.79,4,3,1.8571428571428568,0.7142857142857143,0.7142857142857143,1
1102,10,2990.87,299.087,117.7498011368927,484.24,135.75,3,3,2.2,0.9,0.1,1
1103,7,7753.38,1107.6257142857144,743.954137404924,2683.87,360.86,4,5,2.142857142857143,1.0,0.4285714285714285,1
1104,13,14653.16,1127.1661538461535,884.9302600632668,2972.26,333.55,5,5,2.769230769230769,0.9230769230769232,0.5384615384615384,1
1105,6,1476.17,246.0283333333333,102.5821437515646,384.21,127.89,3,2,2.5,0.8333333333333334,0.8333333333333334,3
1106,9,2277.13,253.01444444444445,84.33157506401609,387.71,130.35,4,3,1.2222222222222223,0.8888888888888888,0.2222222222222222,1
1107,7,1837.63,262.5185714285714,130.70092698326863,473.85,94.4,4,2,1.4285714285714286,1.0,0.1428571428571428,1
1108,8,3561.06,445.1325,150.8019033367948,620.46,241.79,2,3,3.125,1.0,0.875,3
1109,13,8192.22,630.1707692307692,381.1225369760042,1610.91,227.03,5,5,2.6153846153846154,1.0,0.3076923076923077,1
1110,2,900.39,450.195,370.1350446120983,711.92,188.47,2,2,2.0,1.0,0.5,3
1111,12,3462.74,288.56166666666667,457.7438060716603,1653.15,17.68,2,4,1.5833333333333333,0.9166666666666666,0.0,1
1112,8,6920.74,865.0925,718.3087008432676,2366.75,110.48,3,4,2.5,1.0,0.25,1
1113,16,95507.64,5969.2275,5450.768346866951,24933.59,2081.93,4,3,4.5625,0.9375,0.5625,0
1114,7,63925.21,9132.172857142858,7762.442579007622,25784.15,2753.96,4,3,5.428571428571429,1.0,0.2857142857142857,0
1115,6,1320.31,220.05166666666665,110.7722787373568,413.05,117.64,3,2,1.5,1.0,0.5,3
1116,8,987.89,123.48625,87.4292471393706,309.84,19.67,2,5,1.625,1.0,0.0,1
1117,9,6498.84,722.0933333333334,462.11485385129095,1285.47,127.94,4,5,2.7777777777777777,0.8888888888888888,0.5555555555555556,1
1118,13,2962.1,227.85384615384612,66.8578761925202,344.7,127.43,4,3,1.6923076923076923,0.8461538461538461,0.6153846153846154,1
1119,8,1644.21,205.52625,62.598176134430176,314.48,149.79,3,2,2.0,1.0,0.5,3
1120,9,7643.45,849.2722222222222,460.31916353704463,1690.5,194.88,5,4,3.0,1.0,0.3333333333333333,1
1121,4,4484.43,1121.1075,1138.1625999060943,2689.43,207.6,2,4,2.25,1.0,0.25,3
1122,9,2756.54,306.28222222222223,52.1558687440296,421.8,253.82,4,2,2.111111111111111,0.8888888888888888,0.5555555555555556,3
1123,3,714.1600000000001,238.05333333333337,61.27011860061427,303.47,182.01,1,3,1.6666666666666667,1.0,0.0,3
1124,12,10829.34,902.445,587.2909198174274,1821.12,148.88,5,6,2.333333333333333,1.0,0.4166666666666667,1
1125,7,1469.33,209.9042857142857,75.96794978961914,308.53,101.67,4,3,1.4285714285714286,1.0,0.4285714285714285,1
1126,7,3271.45,467.35,280.2467214200136,861.09,119.11,2,2,3.0,1.0,1.0,3
1127,10,61328.31,6132.831,3235.297224904795,10710.78,2131.36,5,2,4.5,1.0,0.5,0
1128,10,2398.07,239.807,347.3648711545573,1214.73,35.91,2,5,1.8,1.0,0.0,1
1129,12,3057.56,254.79666666666665,260.94733886477184,833.12,15.77,2,5,1.4166666666666667,0.9166666666666666,0.0,1
1130,10,5252.14,525.214,261.84487864212866,982.89,204.94,2,3,3.1,1.0,1.0,3
1131,8,4493.05,561.63125,250.71299165366077,1058.07,342.69,3,2,2.875,0.875,0.875,3
1132,8,2332.15,291.51875,105.20550222404854,481.11,156.94,4,2,2.375,1.0,0.125,1
1133,6,1209.52,201.58666666666667,212.99605345326623,597.66,53.84,2,3,1.3333333333333333,1.0,0.0,3
1134,5,2966.6,593.3199999999999,271.46618297681204,990.85,321.44,4,3,2.4,1.0,0.2,1
1135,4,1813.97,453.4925,141.45275639472945,650.44,316.71,1,3,3.0,1.0,1.0,3
1136,4,1407.13,351.7825,442.8836738448747,988.2,11.15,2,2,1.5,0.5,0.0,3
1137,11,2339.88,212.71636363636364,157.88381464055948,486.38,36.67,2,5,1.7272727272727273,0.9090909090909092,0.0,1
1138,7,3629.28,518.4685714285714,105.4165754563882,680.59,396.65,3,2,3.142857142857143,0.7142857142857143,0.8571428571428571,3
1139,9,2109.05,234.3388888888889,70.29495028884445,341.55,139.19,4,2,1.8888888888888888,0.8888888888888888,0.2222222222222222,1
1140,7,755.96,107.99428571428572,74.00336250404278,264.47,50.85,2,5,1.4285714285714286,1.0,0.0,1
1141,13,12809.78,985.3676923076924,559.7158807400091,2086.61,175.22,5,6,2.923076923076923,0.7692307692307693,0.3076923076923077,1
1142,4,2713.48,678.37,841.5472671613085,1937.98,181.42,1,4,1.5,1.0,0.0,3
1143,10,8886.29,888.6290000000001,661.6378867871928,2256.5,345.4,4,5,2.7,1.0,0.5,1
1144,10,2996.11,299.611,120.89962884328654,623.6,201.55,4,3,2.0,0.9,0.4,1
1145,9,2403.55,267.0611111111112,119.03199847566668,482.15,92.82,4,3,1.7777777777777777,0.6666666666666666,0.4444444444444444,1
1146,9,8791.33,976.8144444444443,929.124268990848,2881.23,191.08,3,4,2.888888888888889,1.0,0.6666666666666666,3
1147,11,4805.9,436.9,177.47782638966478,728.13,171.06,3,3,3.0,1.0,0.9090909090909092,3
1148,8,1823.2,227.9,85.97330399606614,378.9,153.74,5,2,1.75,0.875,0.25,1
1149,10,9446.41,944.641,777.456174562628,2670.04,254.9,4,6,2.3,1.0,0.5,1
1150,3,756.8499999999999,252.2833333333333,85.08687697485044,334.74,164.79,3,2,1.6666666666666667,1.0,0.3333333333333333,3
1151,6,2466.15,411.025,173.30643112706466,736.65,258.4,3,3,3.1666666666666665,0.6666666666666666,0.5,3
1152,5,2272.63,454.526,386.9392354491853,1125.43,171.01,3,4,2.2,1.0,0.6,3
1153,7,48140.97,6877.2814285714285,4399.970507474752,13956.12,2930.84,5,3,4.714285714285714,0.8571428571428571,0.2857142857142857,0
1154,14,3503.43,250.245,82.52272617052459,347.09,103.34,4,3,2.142857142857143,1.0,0.4285714285714285,1
1155,6,32842.21,5473.701666666667,2674.4933760203385,8390.85,1064.87,4,2,4.333333333333333,0.6666666666666666,0.3333333333333333,0
1156,12,10845.27,903.7725,496.5206559307569,1960.19,218.36,5,5,2.333333333333333,0.9166666666666666,0.3333333333333333,1
1157,7,43112.29,6158.898571428572,3149.1758338779614,12450.33,2661.81,5,3,4.571428571428571,1.0,0.4285714285714285,0
1158,3,21220.25,7073.416666666667,4739.01234187392,11383.8,1998.69,2,2,4.666666666666667,1.0,0.6666666666666666,0
1159,9,1387.56,154.17333333333332,134.02091777032422,470.29,47.14,2,6,1.6666666666666667,1.0,0.0,1
1160,10,4862.1,486.21,308.9816563055699,1178.32,152.52,2,3,2.7,0.9,1.0,3
1161,13,11143.64,857.2030769230769,798.4019171902562,2989.19,174.0,5,6,3.0,1.0,0.3076923076923077,1
1162,11,2557.36,232.4872727272727,116.20402584169872,519.67,54.16,2,6,1.4545454545454546,0.9090909090909092,0.0,1
1163,10,58143.29,5814.329,2626.530300713387,10351.2,2753.83,5,3,4.0,0.5,0.4,0
1164,9,9763.24,1084.8044444444445,750.4693868358509,2746.5,216.85,3,5,2.6666666666666665,1.0,0.7777777777777778,1
1165,8,4253.55,531.69375,450.8351403447195,1495.92,114.1,4,5,2.875,1.0,0.5,1
1166,10,6472.84,647.284,387.644945857532,1455.37,258.84,4,5,2.4,1.0,0.5,1
1167,6,1843.66,307.27666666666664,129.01083902783776,442.52,158.18,4,3,2.1666666666666665,0.8333333333333334,0.3333333333333333,1
1168,7,7585.65,1083.6642857142856,751.4523196641097,1915.28,194.31,3,4,3.0,0.7142857142857143,0.0,1
1169,2,941.57,470.785,225.98425619940875,630.58,310.99,2,2,2.5,1.0,0.5,3
1170,8,3327.18,415.8975,123.13253379416598,590.8,254.67,2,3,2.875,0.875,1.0,3
1171,9,80750.75000000001,8972.305555555557,26062.55432738996,78472.24,206.27,4,3,1.4444444444444444,1.0,0.5555555555555556,2
1172,7,1477.63,211.09,63.39740925306017,321.59,134.0,4,3,2.142857142857143,0.8571428571428571,0.2857142857142857,1
1173,10,2136.48,213.648,79.75632525246996,352.57,112.6,5,3,2.2,0.9,0.3,1
1174,3,639.5999999999999,213.2,107.8715082864794,336.46,136.03,3,1,1.3333333333333333,1.0,0.3333333333333333,3
1175,9,10239.35,1137.7055555555555,839.7254728795465,2655.36,275.39,4,5,2.888888888888889,1.0,0.5555555555555556,1
1176,4,36306.82,9076.705,10408.87953277233,24584.56,2445.48,4,2,4.75,1.0,0.5,0
1177,8,3371.0,421.375,175.31292340921624,670.57,152.6,3,3,2.625,1.0,0.875,3
1178,7,1582.57,226.08142857142855,89.29022873539438,379.59,105.58,3,3,2.142857142857143,0.8571428571428571,0.8571428571428571,3
1179,5,1222.71,244.542,63.9957035276588,335.81,156.07,3,3,2.2,1.0,0.4,3
1180,6,5973.37,995.5616666666666,658.3149902415004,2020.51,247.71,4,4,1.8333333333333333,1.0,0.5,1
1181,7,44801.52,6400.217142857144,5313.224903103307,17896.74,3214.8,4,3,4.857142857142857,0.8571428571428571,0.2857142857142857,0
1182,10,10972.98,1097.298,780.8038216664216,2948.53,176.45,5,6,2.3,0.9,0.5,1
1183,11,11237.06,1021.5509090909092,1023.5972524235744,3350.45,172.28,4,6,2.272727272727273,0.9090909090909092,0.4545454545454545,1
1184,9,2339.89,259.9877777777777,86.38564243810683,448.89,148.97,4,3,2.111111111111111,1.0,0.3333333333333333,1
1185,6,34410.43,5735.071666666667,2900.968385407994,9825.46,2622.58,4,3,3.6666666666666665,1.0,0.6666666666666666,0
1186,4,879.85,219.9625,109.74243219921816,374.33,128.63,3,2,2.25,1.0,0.25,3
1187,10,49808.53,4980.853,2912.393145088188,9776.81,1575.21,4,3,4.9,0.9,0.6,0
1188,12,63302.32,5275.193333333334,2236.6710397103075,8984.97,2615.07,5,3,4.75,1.0,0.4166666666666667,0
1189,4,1279.72,319.93,91.9954545978586,444.09,228.35,3,3,1.75,0.75,0.5,3
1190,12,3296.49,274.7075,128.61867227124597,587.59,132.87,5,3,2.083333333333333,1.0,0.4166666666666667,1
1191,9,7632.849999999999,848.0944444444444,866.1756922834868,2393.92,168.65,4,6,3.111111111111111,0.8888888888888888,0.4444444444444444,1
1192,12,20876.14,1739.6783333333333,1311.9277319954738,4603.74,416.69,4,6,2.1666666666666665,0.9166666666666666,0.3333333333333333,1
1193,7,7944.53,1134.932857142857,1118.6259378021814,3345.1,285.78,4,4,2.4285714285714284,0.8571428571428571,0.7142857142857143,1
1194,11,2948.77,268.07,105.37820543167358,437.31,145.42,4,3,2.272727272727273,0.7272727272727273,0.4545454545454545,1
1195,12,3160.03,263.33583333333337,89.59472655527863,444.45,88.99,5,3,1.75,0.9166666666666666,0.3333333333333333,1
1196,9,4926.64,547.4044444444445,364.1604835134885,1155.61,238.62,2,3,3.111111111111111,0.7777777777777778,1.0,3
1197,3,1973.88,657.96,608.8751524738055,1336.68,159.75,3,2,2.0,0.6666666666666666,0.3333333333333333,3
1198,7,4154.22,593.46,380.6606623577839,1247.63,239.89,2,3,2.857142857142857,1.0,1.0,3
1199,5,1051.88,210.37600000000003,53.82017818625279,302.99,164.16,3,2,1.8,1.0,0.0,3
1200,3,2931.39,977.13,677.9856111305018,1709.61,371.58,2,3,2.6666666666666665,0.6666666666666666,0.6666666666666666,3
1201,14,14436.18,1031.1557142857143,845.9579839240452,3689.47,341.23,5,6,2.5,1.0,0.5,1
1202,9,2141.99,237.99888888888893,101.0619383650992,445.91,115.59,5,2,2.6666666666666665,0.8888888888888888,0.3333333333333333,1
1203,7,4804.99,686.4271428571428,784.8599928589024,2335.34,86.96,4,4,1.7142857142857142,0.8571428571428571,0.5714285714285714,1
1204,6,6359.51,1059.9183333333333,318.6104350090665,1426.11,615.73,5,2,2.833333333333333,0.8333333333333334,0.3333333333333333,1
1205,6,1653.76,275.62666666666667,92.33997805212358,424.52,152.71,4,3,2.1666666666666665,1.0,0.5,3
1206,9,1892.48,210.2755555555556,100.92846738050557,369.85,84.4,4,3,2.111111111111111,1.0,0.7777777777777778,3
1207,11,7226.83,656.9845454545455,331.8738598131416,1257.5,305.43,3,3,3.090909090909091,0.9090909090909092,0.8181818181818182,3
1208,7,75577.59999999999,10796.8,28028.48041966005,74357.84,20.57,2,4,1.5714285714285714,0.8571428571428571,0.0,2
1209,5,1113.98,222.796,112.66897567653665,383.85,92.44,4,3,2.0,1.0,0.2,1
1210,10,2610.2200000000003,261.02200000000005,119.82682632310124,592.22,168.5,4,3,1.5,0.9,0.4,1
1211,8,2046.12,255.765,99.89554129904184,375.37,102.67,4,3,2.125,1.0,0.625,3
1212,5,2720.24,544.048,254.87930569192943,854.1,264.82,4,3,2.0,1.0,0.4,3
1213,8,2026.0,253.25,62.86153809308656,386.18,170.61,4,3,2.125,0.875,0.375,1
1214,8,1296.81,162.10125,109.7451595336734,371.33,56.46,2,4,1.5,1.0,0.0,1
1215,7,2129.11,304.15857142857146,127.61705952165008,527.21,135.06,4,3,1.8571428571428568,0.8571428571428571,0.2857142857142857,1
1216,9,2339.7,259.96666666666664,102.22123372861434,423.69,147.98,3,3,2.333333333333333,0.8888888888888888,0.5555555555555556,3
1217,9,4626.73,514.0811111111111,443.0458433233643,1570.12,115.94,3,4,2.555555555555556,0.8888888888888888,0.5555555555555556,1
1218,12,5674.23,472.8525,158.1500892492491,788.13,275.68,3,3,3.0,0.8333333333333334,0.75,3
1219,2,1775.99,887.995,355.3847971565469,1139.29,636.7,2,2,1.5,1.0,0.5,3
1220,12,13963.47,1163.6225,1283.2524556420549,5020.77,364.93,5,6,2.1666666666666665,0.9166666666666666,0.4166666666666667,1
1221,6,1730.7,288.45,329.1165416079842,838.73,28.19,2,5,1.3333333333333333,0.8333333333333334,0.0,1
1222,6,38297.53,6382.921666666666,6506.103091978844,19052.62,1285.76,5,2,4.666666666666667,1.0,0.5,0
1223,12,6742.41,561.8675,257.46686827011007,1083.75,280.81,2,3,3.333333333333333,0.9166666666666666,1.0,3
1224,7,1824.46,260.63714285714286,75.19993499870544,374.6,131.59,4,2,1.7142857142857142,0.8571428571428571,0.7142857142857143,3
1225,9,3189.35,354.3722222222222,167.16180213925804,703.71,139.16,2,3,3.2222222222222223,0.8888888888888888,1.0,3
1226,10,6347.86,634.786,273.296138412366,1099.15,120.31,5,4,2.4,0.9,0.3,1
1227,13,138486.55000000002,10652.81153846154,37472.54186609952,135368.41,114.67,5,4,2.076923076923077,0.6923076923076923,0.6153846153846154,2
1228,8,4297.52,537.19,340.4902516750139,1303.54,250.71,3,3,3.125,1.0,0.875,3
1229,10,64050.48,6405.048,3365.552163285477,11993.97,1736.08,4,3,4.5,1.0,0.2,0
1230,7,2236.28,319.4685714285714,51.90987235217447,392.37,259.82,4,3,1.8571428571428568,0.8571428571428571,0.5714285714285714,1
1231,9,7923.1,880.3444444444444,886.5165194330999,3021.15,225.98,5,5,2.111111111111111,1.0,0.3333333333333333,1
1232,5,1231.4,246.28000000000003,86.63611458277663,336.73,148.64,2,2,1.8,0.6,0.6,3
1233,14,18852.51,1346.607857142857,1807.6861913472048,6343.98,167.7,5,6,2.357142857142857,0.9285714285714286,0.4285714285714285,1
1234,5,24178.41,4835.681999999999,3819.65962921698,10608.46,1002.59,4,2,5.4,0.8,0.4,0
1235,10,47675.82,4767.582,2223.464992897347,8812.17,1964.84,4,3,4.0,0.9,0.4,0
1236,6,1373.51,228.9183333333333,67.08332085300091,305.43,140.47,4,1,2.333333333333333,1.0,0.6666666666666666,3
1237,13,2773.29,213.33,65.88595437066486,320.53,109.73,4,3,2.3846153846153846,0.9230769230769232,0.6153846153846154,1
1238,5,3697.29,739.458,222.97009747946024,963.49,474.91,3,4,1.6,1.0,0.6,3
1239,12,7276.34,606.3616666666667,340.2777128339662,1311.01,137.04,3,2,2.833333333333333,0.8333333333333334,0.9166666666666666,3
1240,2,541.61,270.805,49.12270808902947,305.54,236.07,2,2,1.5,1.0,0.0,3
1241,4,909.48,227.37,124.05590863262688,408.78,143.71,2,3,3.0,0.75,1.0,3
1242,11,3022.53,274.7754545454546,99.91781536479232,441.94,90.5,4,3,2.0,1.0,0.5454545454545454,1
1243,5,3430.38,686.076,414.0953417149244,1301.08,187.94,2,3,2.2,1.0,0.4,3
1244,5,1262.4,252.48,123.19757810119484,441.37,97.51,2,2,2.0,0.8,0.0,3
1245,7,2219.56,317.08,130.84663465294017,560.69,175.43,5,3,1.8571428571428568,0.7142857142857143,0.4285714285714285,1
1246,6,5015.37,835.895,825.416006744478,2440.38,208.16,4,3,3.0,0.8333333333333334,0.3333333333333333,1
1247,11,59454.43,5404.948181818182,3250.222849454536,10586.4,969.48,4,3,4.636363636363637,0.9090909090909092,0.2727272727272727,0
1248,7,1595.76,227.96571428571428,93.98090140327145,412.18,113.65,3,3,2.0,1.0,0.1428571428571428,1
1249,3,610.71,203.57,89.45039910475526,302.07,127.4,1,3,1.6666666666666667,1.0,0.0,3
1250,8,8335.73,1041.96625,1065.024430718275,3490.46,356.17,4,4,2.625,0.75,0.375,1
1251,9,6122.74,680.3044444444445,377.9952704105936,1244.04,228.56,4,5,2.888888888888889,1.0,0.5555555555555556,1
1252,6,43460.36,7243.393333333333,2485.2603836432645,9975.45,3718.06,4,3,4.333333333333333,0.8333333333333334,0.5,0
1253,10,2465.08,246.508,142.50533485530366,612.34,114.87,4,3,1.8,1.0,0.6,1
1254,11,4553.56,413.96,130.61825607471567,563.79,203.93,3,3,2.4545454545454546,1.0,0.9090909090909092,3
1255,3,55482.2,18494.066666666666,31511.037743318346,54879.85,261.45,2,3,1.3333333333333333,0.6666666666666666,0.0,2
1256,9,5235.3,581.7,591.7359240404456,1981.95,113.39,4,5,2.0,0.8888888888888888,0.2222222222222222,1
1257,4,29133.77,7283.4425,4831.333954346874,14121.73,3486.16,3,3,5.0,0.5,0.75,0
1258,6,4913.6,818.9333333333334,381.1171958160201,1500.58,330.9,4,4,3.1666666666666665,1.0,0.6666666666666666,3
1259,6,28554.86,4759.143333333333,1958.772760354469,6129.31,905.51,3,3,4.333333333333333,1.0,0.6666666666666666,0
1260,9,4111.4800000000005,456.8311111111112,311.54108567107346,1206.39,164.08,2,3,2.555555555555556,1.0,1.0,3
1261,9,3991.55,443.5055555555556,213.77454947392076,872.1,175.18,3,2,2.888888888888889,0.8888888888888888,0.8888888888888888,3
1262,8,3465.81,433.22625,228.84042156286864,823.28,234.11,3,2,2.625,1.0,0.875,3
1263,6,1292.55,215.425,69.02093588180328,337.22,145.3,5,2,2.0,0.8333333333333334,0.5,1
1264,8,3598.49,449.81125,177.0984250504706,697.44,269.75,3,3,2.75,1.0,0.875,3
1265,7,3823.38,546.1971428571429,407.7596544826493,1269.79,150.44,4,4,3.4285714285714284,0.8571428571428571,0.1428571428571428,1
1266,6,1588.97,264.8283333333333,112.79657590843202,427.25,112.31,2,3,2.1666666666666665,0.8333333333333334,1.0,3
1267,5,3747.42,749.484,947.0186391143524,2413.25,145.5,3,2,2.6,1.0,0.2,3
1268,13,90622.97,6970.997692307692,4609.68784940686,16547.58,1709.41,5,3,4.846153846153846,0.9230769230769232,0.3076923076923077,0
1269,6,1856.29,309.38166666666666,101.39190843783672,419.98,134.61,4,3,2.0,1.0,0.3333333333333333,1
1270,9,3079.03,342.1144444444445,72.63524731683492,481.9,259.8,3,3,3.2222222222222223,1.0,0.6666666666666666,3
1271,8,1845.96,230.745,65.94505981713652,383.86,170.8,5,3,1.875,1.0,0.5,1
1272,6,11144.49,1857.415,2046.8388890164265,5859.24,381.75,3,4,2.6666666666666665,0.8333333333333334,0.5,3
1273,12,3786.39,315.5325,97.977689679845,475.04,122.19,4,3,2.25,1.0,0.3333333333333333,1
1274,7,2569.4300000000003,367.0614285714286,114.88558038741148,570.57,235.11,2,3,3.4285714285714284,1.0,1.0,3
1275,3,976.96,325.65333333333336,261.83925418724624,604.48,84.99,2,3,1.3333333333333333,1.0,0.0,3
1276,8,3128.63,391.07875,175.85006254822397,644.04,137.54,2,2,3.0,0.875,1.0,3
1277,14,3594.73,256.76642857142855,104.64829158862358,506.92,111.42,5,3,2.357142857142857,0.8571428571428571,0.4285714285714285,1
1278,8,2290.39,286.29875,132.9010206816121,596.36,179.72,2,3,2.25,1.0,0.625,3
1279,7,6230.63,890.09,527.3452053446584,1897.29,419.46,4,3,2.7142857142857144,0.8571428571428571,0.7142857142857143,3
1280,6,29665.0,4944.166666666667,2741.3517034168867,10113.91,2883.11,3,3,4.666666666666667,0.8333333333333334,0.6666666666666666,0
1281,7,48041.61,6863.087142857143,5979.845514313654,17306.2,1527.91,3,2,4.714285714285714,1.0,0.5714285714285714,0
1282,7,8420.62,1202.9457142857143,1578.5932260598056,4583.31,269.51,4,4,2.857142857142857,1.0,0.2857142857142857,1
1283,14,15737.62,1124.115714285714,1088.8432509899546,4364.4,238.27,4,4,2.2142857142857144,0.8571428571428571,0.3571428571428571,1
1284,7,3367.6,481.0857142857143,562.7011488009464,1665.18,86.51,2,4,1.7142857142857142,0.8571428571428571,0.0,1
1285,9,2506.69,278.5211111111111,99.17393551791272,464.77,165.11,4,3,2.333333333333333,1.0,0.5555555555555556,1
1286,5,984.16,196.832,93.12779268295796,312.82,94.84,2,2,2.2,1.0,0.0,3
1287,9,56576.37,6286.263333333333,3602.983764399307,14924.03,2178.51,4,3,4.222222222222222,0.6666666666666666,0.4444444444444444,0
1288,13,3825.48,294.2676923076923,271.6885517203429,852.28,27.93,2,6,1.5384615384615383,0.8461538461538461,0.0,1
1289,13,6886.9400000000005,529.7646153846155,380.7342193406354,1325.63,118.65,3,3,2.6923076923076925,0.9230769230769232,0.8461538461538461,3
1290,5,2105.54,421.108,194.2361911951529,689.17,227.78,2,3,3.2,1.0,0.8,3
1291,5,837.03,167.406,109.89361824055116,330.09,90.27,2,4,2.0,0.8,0.0,1
1292,4,4356.23,1089.0575,414.1532772919547,1479.32,517.08,2,4,2.5,1.0,1.0,3
1293,8,5464.8,683.1,439.1262004741429,1310.45,136.48,4,5,2.625,0.875,0.625,1
1294,7,1982.47,283.21,62.776410643914126,373.55,174.91,4,2,1.8571428571428568,0.8571428571428571,0.5714285714285714,3
1295,8,6418.18,802.2725,484.9243267842343,1435.18,270.76,5,6,1.75,0.75,0.625,1
1296,12,16133.75,1344.4791666666667,1191.5777088187697,3699.02,247.19,5,5,3.1666666666666665,1.0,0.3333333333333333,1
1297,2,1152.62,576.31,228.1833582888989,737.66,414.96,2,2,3.0,1.0,0.0,3
1298,5,2216.13,443.226,478.7366688274463,1118.83,22.98,1,4,1.8,1.0,0.0,3
1299,3,259.12,86.37333333333333,43.61348568199215,131.18,44.06,1,2,1.3333333333333333,1.0,0.0,3
1300,5,2754.29,550.858,261.77898544382816,894.1,275.26,2,2,2.8,1.0,1.0,3
1301,9,3554.01,394.89,146.30388075850897,627.2,235.37,2,3,2.7777777777777777,1.0,1.0,3
1302,14,11124.72,794.6228571428571,485.3653418647817,1747.34,176.86,5,6,2.071428571428572,0.9285714285714286,0.5,1
1303,13,3382.6,260.2,81.89485240233357,392.62,136.2,5,3,1.9230769230769231,1.0,0.5384615384615384,1
1304,9,50061.34,5562.371111111111,5813.925354490381,20533.84,1046.54,4,2,4.666666666666667,0.8888888888888888,0.5555555555555556,0
1305,9,9393.71,1043.7455555555557,924.6896219017372,3204.11,152.95,4,4,2.555555555555556,1.0,0.4444444444444444,1
1306,6,2307.07,384.5116666666667,93.16588333004022,521.71,264.3,3,2,2.6666666666666665,1.0,0.8333333333333334,3
1307,4,8183.18,2045.795,268.29900813582344,2245.82,1655.95,3,3,4.75,1.0,0.75,0
1308,7,1976.58,282.36857142857144,259.3753665654324,811.58,93.62,2,3,1.8571428571428568,1.0,0.0,3
1309,6,47956.82,7992.803333333333,4212.4426031872135,15188.5,2804.04,3,3,4.333333333333333,0.8333333333333334,0.5,0
1310,5,1298.87,259.774,79.6041219410151,349.08,150.03,3,3,2.2,1.0,0.2,3
1311,9,8985.76,998.4177777777778,855.0655986937168,2535.12,335.25,5,4,2.7777777777777777,0.8888888888888888,0.4444444444444444,1
1312,5,1088.62,217.724,104.05640263818462,334.03,87.08,3,2,1.8,1.0,0.4,3
1313,11,68638.48000000001,6239.861818181819,4257.926995909672,16573.83,1635.04,3,3,4.363636363636363,0.9090909090909092,0.1818181818181818,0
1314,13,157309.16,12100.704615384617,42611.33948745814,153918.62,117.0,4,4,2.1538461538461537,0.7692307692307693,0.6923076923076923,2
1315,6,2524.26,420.71,107.46045337704469,563.76,267.87,2,3,3.0,0.8333333333333334,1.0,3
1316,7,3383.19,483.312857142857,281.24193551189376,959.03,197.42,4,5,2.571428571428572,0.8571428571428571,0.4285714285714285,1
1317,5,3253.63,650.726,468.76000909847255,1364.93,226.88,4,3,2.8,0.6,0.6,3
1318,13,310275.51,23867.34692307692,56182.57277305874,180066.42,173.58,5,4,2.076923076923077,1.0,0.6153846153846154,2
1319,5,25246.54,5049.308,1769.923648867374,7306.11,2418.49,2,3,4.2,0.8,0.4,0
1320,8,1003.73,125.46625,94.11025220263124,313.32,19.83,2,4,1.875,0.875,0.0,1
1321,6,28445.15,4740.858333333334,2231.5947698219466,8141.72,1500.67,5,2,4.833333333333333,1.0,0.3333333333333333,0
1322,5,1043.61,208.722,286.4139421711171,710.23,22.66,2,4,1.4,0.8,0.0,1
1323,6,5264.11,877.3516666666666,411.3594445939787,1424.27,209.13,4,4,2.833333333333333,1.0,0.3333333333333333,1
1324,9,3226.51,358.5011111111111,355.7005116823858,1170.57,85.74,2,4,1.3333333333333333,1.0,0.0,1
1325,6,45781.31,7630.218333333333,6648.663090274365,20496.87,2429.56,4,2,4.666666666666667,1.0,0.3333333333333333,0
1326,7,4917.49,702.4985714285714,479.3787258674353,1638.08,233.65,5,4,2.571428571428572,1.0,0.5714285714285714,1
1327,10,2445.24,244.524,151.1927559405175,534.79,105.49,5,3,1.8,1.0,0.4,1
1328,5,20820.84,4164.168,1716.9590550068456,5838.29,2267.35,3,2,4.6,1.0,0.2,0
1329,6,5685.889999999999,947.6483333333332,716.8491114988333,2356.37,298.33,4,3,2.6666666666666665,0.8333333333333334,0.1666666666666666,1
1330,6,157836.31999999998,26306.05333333333,63993.89290300494,156932.96,98.94,3,4,1.6666666666666667,1.0,0.5,2
1331,11,10986.13,998.7390909090908,862.698183346349,3031.66,145.91,5,6,2.1818181818181817,0.9090909090909092,0.2727272727272727,1
1332,6,46716.58,7786.096666666667,4443.817938195338,13649.95,1880.92,3,3,4.333333333333333,1.0,0.8333333333333334,0
1333,4,1020.62,255.155,61.50167721290208,306.14,170.59,3,3,1.0,1.0,0.5,3
1334,6,1979.48,329.91333333333336,114.58182048940688,462.31,218.85,2,2,3.5,1.0,1.0,3
1335,10,6266.49,626.649,240.4641204675288,1113.59,323.13,4,5,2.0,1.0,0.6,1
1336,10,8055.37,805.537,633.8928265715655,2315.56,308.26,5,4,2.5,0.9,0.7,1
1337,7,4945.26,706.4657142857143,365.7843272046677,1272.82,262.05,3,4,2.4285714285714284,0.8571428571428571,0.4285714285714285,1
1338,11,6679.92,607.2654545454545,209.52268714216305,962.71,254.74,3,3,3.0,0.9090909090909092,0.9090909090909092,3
1339,7,1550.04,221.4342857142857,98.93090970590583,424.09,136.02,3,3,2.2857142857142856,0.8571428571428571,0.4285714285714285,3
1340,7,3936.18,562.3114285714286,280.4661266789373,1033.99,181.68,4,5,2.4285714285714284,0.8571428571428571,0.5714285714285714,1
1341,8,1418.12,177.265,251.6392244577826,797.47,67.11,2,5,1.375,1.0,0.0,1
1342,10,4671.35,467.1350000000001,200.9867922830309,862.45,220.47,2,2,3.1,0.9,0.9,3
1343,8,6328.56,791.0699999999999,403.1221610309779,1316.84,335.88,4,4,2.375,1.0,0.125,1
1344,9,7274.16,808.24,983.7939408865052,3398.54,252.47,4,6,2.555555555555556,0.7777777777777778,0.4444444444444444,1
1345,9,4271.9400000000005,474.6600000000001,226.08869647773196,850.91,228.98,2,3,3.0,1.0,1.0,3
1346,7,3806.44,543.7771428571428,323.2036086697407,1164.47,215.25,4,4,2.7142857142857144,0.8571428571428571,0.5714285714285714,1
1347,2,28460.15,14230.075,13979.52227726148,24115.09,4345.06,2,1,4.5,1.0,0.5,0
1348,8,2017.07,252.13375,168.04570372690705,632.68,109.7,4,3,1.875,0.875,0.625,1
1349,11,5070.71,460.9736363636364,293.1367176684875,1109.49,171.6,2,3,2.909090909090909,1.0,1.0,3
1350,10,2578.07,257.807,119.52989937900708,474.47,91.67,4,3,1.7,0.8,0.4,1
1351,4,2398.82,599.705,372.2707226826556,916.67,178.38,2,2,2.75,1.0,0.75,3
1352,5,1299.09,259.818,43.015240554947496,297.04,192.66,4,2,2.6,1.0,0.4,3
1353,6,5137.889999999999,856.3149999999999,752.8987502380384,2342.96,428.14,3,3,1.3333333333333333,0.8333333333333334,0.5,3
1354,9,68715.23,7635.025555555555,5489.138388688864,18193.99,1428.92,4,3,4.0,1.0,0.3333333333333333,0
1355,8,2332.19,291.52375,101.46296311427425,423.69,143.07,5,3,1.75,1.0,0.375,1
1356,8,1361.74,170.2175,118.73928038834856,321.36,23.64,2,4,1.5,0.75,0.0,1
1357,5,2906.53,581.3059999999999,227.77655504902165,947.61,322.38,2,2,2.8,0.8,1.0,3
1358,6,5579.31,929.885,410.5526540043311,1568.3,445.5,4,5,1.3333333333333333,1.0,0.3333333333333333,1
1359,7,4099.1,585.5857142857143,322.6224459466071,1132.71,197.61,3,4,2.857142857142857,0.7142857142857143,0.8571428571428571,3
1360,10,9505.04,950.504,795.822232846842,2600.65,178.51,4,5,2.4,0.9,0.2,1
1361,9,7445.25,827.25,974.2715297338827,3317.72,261.75,4,3,2.4444444444444446,0.8888888888888888,0.2222222222222222,1
1362,6,2692.74,448.79,284.4062853032612,914.54,150.61,3,4,2.5,1.0,0.3333333333333333,1
1363,11,57057.83,5187.075454545455,2238.799018439858,9702.55,2406.91,4,3,4.727272727272728,0.8181818181818182,0.1818181818181818,0
1364,13,11786.16,906.6276923076924,627.9371683291496,1890.69,201.04,5,5,2.3076923076923075,0.7692307692307693,0.5384615384615384,1
1365,9,3015.71,335.0788888888889,157.70447595458762,614.42,169.02,3,3,2.555555555555556,0.8888888888888888,0.8888888888888888,3
1366,8,3291.1200000000003,411.39,503.5524504954772,1250.63,13.95,2,5,1.625,0.875,0.0,1
1367,10,57523.08,5752.308,4927.613437232628,19572.15,2749.98,4,3,4.5,0.9,0.6,0
1368,5,3070.25,614.05,494.4713155987918,1230.66,158.63,3,2,3.2,1.0,0.8,3
1369,8,7426.98,928.3725,523.4952983483779,1702.4,37.11,5,4,1.875,0.75,0.5,1
1370,6,4662.22,777.0366666666667,512.8189675379283,1481.73,153.52,4,2,2.333333333333333,1.0,0.3333333333333333,3
1371,10,2882.98,288.298,86.23992550501833,453.45,129.37,4,3,2.0,1.0,0.5,1
1372,3,2303.36,767.7866666666667,393.99337333682826,1116.97,340.64,3,2,2.6666666666666665,0.6666666666666666,0.3333333333333333,3
1373,6,1164.16,194.02666666666667,52.62007703022362,281.67,133.23,3,3,1.1666666666666667,0.8333333333333334,0.5,3
1374,7,1704.22,243.46,99.05769783313156,394.25,148.29,5,3,2.2857142857142856,1.0,0.2857142857142857,1
1375,11,5439.71,494.5190909090909,322.2101656824175,1217.2,212.6,2,3,3.363636363636364,0.9090909090909092,1.0,3
1376,11,5174.47,470.40636363636366,228.86768405665,874.51,156.67,2,3,3.0,0.9090909090909092,1.0,3
1377,7,6076.95,868.1357142857142,315.22865261357737,1277.1,334.51,5,3,2.7142857142857144,0.8571428571428571,0.4285714285714285,1
1378,10,3979.66,397.966,455.8993650211268,1266.0,56.35,2,4,1.3,0.9,0.0,1
1379,6,1513.68,252.28,45.60441908411948,323.29,194.55,4,3,2.333333333333333,0.8333333333333334,0.5,1
1380,10,2360.64,236.064,80.75157379959298,402.41,127.75,5,3,1.5,0.8,0.5,1
1381,11,14297.15,1299.740909090909,1514.528849579661,4486.72,49.85,5,5,2.636363636363636,1.0,0.2727272727272727,1
1382,9,84312.19,9368.021111111111,27355.26017990939,82314.82,137.75,5,4,2.0,1.0,0.4444444444444444,2
1383,6,1890.16,315.0266666666667,93.27799390352833,386.33,157.76,4,2,2.0,0.8333333333333334,0.3333333333333333,3
1384,10,126546.4,12654.64,39127.74933120369,124014.01,188.68,4,4,1.4,0.9,0.3,2
1385,8,48026.22,6003.2775,2454.0173992441164,9810.81,2239.97,3,3,4.625,1.0,0.625,0
1386,11,5319.24,483.5672727272727,263.0741979400834,1144.63,258.44,2,3,2.636363636363636,1.0,1.0,3
1387,11,3207.29,291.5718181818182,144.78206379370215,565.59,140.46,4,3,1.5454545454545454,1.0,0.2727272727272727,1
1388,9,7414.65,823.8499999999999,605.4458063072202,1962.58,218.4,5,5,2.888888888888889,1.0,0.5555555555555556,1
1389,3,16986.93,5662.31,2335.1416316146647,8154.44,3524.7,2,2,4.666666666666667,0.6666666666666666,0.3333333333333333,0
1390,12,11091.21,924.2675,620.1797719008578,2337.66,163.89,5,6,2.1666666666666665,0.6666666666666666,0.5,1
1391,8,2582.13,322.76625,142.926663206545,566.55,188.5,4,3,2.375,1.0,0.5,1
1392,8,4174.17,521.77125,176.52803544540535,909.47,337.73,1,3,3.125,0.875,1.0,3
1393,10,7480.24,748.024,459.0745793973882,1384.19,210.67,4,5,1.9,0.8,0.5,1
1394,4,1143.74,285.935,86.9306652836999,397.7,204.15,3,2,2.0,0.75,0.0,3
1395,8,8286.24,1035.78,899.9206797903279,3084.86,257.42,5,6,2.375,1.0,0.625,1
1396,5,130407.26,26081.452,57756.711155600526,129399.66,166.6,3,2,2.2,1.0,0.8,2
1397,9,93312.96,10368.106666666668,26809.987615334237,81816.17,413.08,5,6,2.4444444444444446,0.8888888888888888,0.5555555555555556,2
1398,6,1476.56,246.09333333333333,57.79100091421386,329.83,172.06,3,3,2.0,1.0,0.3333333333333333,3
1399,10,2068.61,206.861,168.47363080514015,624.17,30.88,2,6,1.6,1.0,0.0,1
1400,8,42836.53,5354.56625,2085.498698646287,8310.83,1965.57,5,2,4.0,0.875,0.5,0
1401,16,13003.5,812.71875,892.8482184625037,3719.23,153.2,5,6,2.125,1.0,0.375,1
1402,5,1425.15,285.03000000000003,30.56978246569641,307.89,234.65,4,3,1.6,1.0,0.2,1
1403,7,2286.73,326.67571428571426,131.0074161841157,579.38,206.72,5,3,2.2857142857142856,0.8571428571428571,0.4285714285714285,1
1404,7,9232.94,1318.9914285714287,611.925815313931,2124.75,562.69,2,4,3.4285714285714284,1.0,0.4285714285714285,3
1405,11,3729.75,339.0681818181818,291.1819752257403,979.05,72.9,2,6,1.4545454545454546,0.9090909090909092,0.0,1
1406,9,2742.22,304.69111111111107,138.35697474688837,519.7,109.55,4,3,1.8888888888888888,1.0,0.5555555555555556,1
1407,11,59278.26,5388.932727272727,1572.784484480254,8310.68,2698.18,3,3,4.363636363636363,1.0,0.2727272727272727,0
1408,6,2438.05,406.3416666666667,187.09576097995023,670.76,206.61,3,3,2.1666666666666665,1.0,0.6666666666666666,3
1409,4,28220.0,7055.0,3273.3627158423287,10313.15,3237.67,4,3,5.25,1.0,0.25,0
1410,5,1018.12,203.624,60.20656965813616,296.56,136.33,3,3,2.4,0.8,0.6,3
1411,4,4128.0,1032.0,562.3235874476545,1759.38,580.04,3,4,3.5,1.0,0.75,3
1412,8,54786.44,6848.305,3570.7383946621303,12323.57,2513.33,3,3,5.25,0.875,0.625,0
1413,4,107813.84,26953.46,44878.437125266144,94237.76,2530.0,4,2,4.5,1.0,0.5,2
1414,12,5420.15,451.6791666666666,236.1069851670995,847.27,122.71,3,2,3.083333333333333,0.9166666666666666,0.9166666666666666,3
1415,6,1761.14,293.5233333333333,56.217372996847374,361.21,226.06,4,3,2.1666666666666665,1.0,0.3333333333333333,1
1416,9,2286.51,254.0566666666667,93.8713507945848,428.48,160.92,4,2,2.111111111111111,0.8888888888888888,0.5555555555555556,3
1417,5,1394.68,278.93600000000004,139.56450669851557,498.61,109.96,4,2,2.2,1.0,0.6,3
1418,6,6967.35,1161.225,696.2566309271316,1942.13,350.96,2,4,2.6666666666666665,0.8333333333333334,0.0,1
1419,11,3669.62,333.60181818181815,199.1343315864033,816.09,120.58,5,3,1.818181818181818,1.0,0.6363636363636364,1
1420,13,11242.24,864.7876923076923,762.5963745668897,2301.64,147.99,4,6,2.8461538461538463,0.9230769230769232,0.6153846153846154,1
1421,7,1925.95,275.1357142857143,34.52788672804581,315.16,231.75,2,2,1.8571428571428568,1.0,0.0,3
1422,10,15637.329999999998,1563.7329999999995,1413.9401217012928,5003.69,181.07,5,5,2.9,0.8,0.5,1
1423,5,1217.87,243.574,61.50509230949906,301.47,167.94,5,3,2.2,1.0,0.4,1
1424,9,8439.39,937.71,660.0414543799503,2463.81,135.46,4,5,2.333333333333333,0.7777777777777778,0.5555555555555556,1
1425,9,5171.26,574.5844444444444,244.33128694004333,1076.97,341.41,2,3,3.111111111111111,0.8888888888888888,0.8888888888888888,3
1426,7,5903.63,843.3757142857143,451.2472307156814,1433.92,356.91,4,3,2.857142857142857,0.7142857142857143,0.2857142857142857,1
1427,8,1783.65,222.95625,40.16493742325868,270.04,135.68,4,3,1.75,0.875,0.625,1
1428,8,2258.19,282.27375,141.67150625276972,550.54,132.44,5,2,1.875,0.875,0.375,1
1429,8,1466.4,183.3,73.96964068357464,310.62,94.51,4,2,2.5,1.0,0.125,1
1430,4,723.5699999999999,180.8925,43.68479626826706,216.12,119.69,2,2,2.5,1.0,0.25,3
1431,7,1982.38,283.19714285714286,125.289240920664,487.34,118.46,3,3,2.142857142857143,1.0,0.8571428571428571,3
1432,7,3541.42,505.9171428571429,344.4950291230284,1092.52,155.24,3,3,3.142857142857143,0.8571428571428571,0.7142857142857143,3
1433,4,1166.88,291.72,130.80387787319862,483.44,197.59,4,2,1.25,1.0,0.5,3
1434,6,2596.0,432.6666666666667,300.307833775056,929.44,96.6,4,4,2.833333333333333,1.0,0.3333333333333333,1
1435,11,6333.51,575.7736363636363,517.3001503628764,2018.55,73.71,4,4,2.272727272727273,0.9090909090909092,0.5454545454545454,1
1436,10,7623.16,762.316,536.8310707227491,1830.75,51.26,5,6,2.7,0.8,0.5,1
1437,7,39533.34,5647.62,2825.4687851104163,9725.91,2869.28,3,3,4.714285714285714,0.8571428571428571,0.7142857142857143,0
1438,9,3943.32,438.1466666666667,232.9116117221295,880.75,132.75,2,3,3.0,0.8888888888888888,1.0,3
1439,7,2061.2,294.45714285714286,233.26937159389252,724.15,113.31,5,2,2.142857142857143,1.0,0.2857142857142857,1
1440,5,2414.31,482.862,186.6800805388727,734.29,308.84,1,2,3.2,1.0,1.0,3
1441,10,4812.44,481.244,229.79508302446817,962.94,235.45,3,2,3.6,0.9,0.9,3
1442,8,3053.08,381.635,196.2340483052972,664.84,126.47,2,3,3.25,0.875,1.0,3
1443,10,7447.88,744.788,489.7674765028809,1804.91,189.67,5,5,3.2,1.0,0.4,1
1444,5,26198.44,5239.688,5153.635561132549,13694.77,1609.15,4,3,4.0,1.0,0.4,0
1445,11,2705.65,245.96818181818185,105.80715786922752,480.18,143.61,5,3,1.6363636363636365,0.8181818181818182,0.3636363636363636,1
1446,8,5705.77,713.22125,772.2789989641514,2418.51,126.6,4,4,2.625,1.0,0.5,1
1447,7,2369.24,338.4628571428572,212.54461184374807,648.82,143.0,4,2,1.5714285714285714,0.8571428571428571,0.2857142857142857,1
1448,5,2170.61,434.122,157.47617556316257,575.58,206.45,3,3,3.4,0.8,0.6,3
1449,9,2308.05,256.45000000000005,84.45222303172368,409.39,165.68,4,3,2.333333333333333,0.7777777777777778,0.3333333333333333,1
1450,13,3536.08,272.00615384615384,103.66673868205926,492.82,147.26,5,3,2.076923076923077,0.9230769230769232,0.3076923076923077,1
1451,8,1671.16,208.895,80.54115753540458,348.42,98.4,5,2,1.625,1.0,0.5,1
1452,9,2578.46,286.49555555555554,115.59315584314572,512.89,133.06,3,3,2.111111111111111,1.0,0.5555555555555556,3
1453,10,11067.68,1106.768,1084.6857412869,3460.58,142.54,5,4,2.7,1.0,0.2,1
1454,7,1911.78,273.1114285714286,74.84967655876932,358.61,172.76,2,3,2.857142857142857,0.8571428571428571,1.0,3
1455,12,12386.49,1032.2075,893.1673973523561,2910.22,217.62,4,5,2.333333333333333,0.9166666666666666,0.5,1
1456,9,4321.9800000000005,480.22,304.56225742859215,1123.65,130.33,3,3,3.111111111111111,1.0,0.8888888888888888,3
1457,8,3548.47,443.55875,207.78573836922217,749.05,219.07,3,3,3.25,1.0,0.875,3
1458,6,2756.48,459.41333333333336,325.100579677531,1008.7,201.91,3,3,2.6666666666666665,0.8333333333333334,0.8333333333333334,3
1459,11,64124.6,5829.50909090909,2401.2705470207,9868.89,1735.1,5,3,4.636363636363637,0.9090909090909092,0.7272727272727273,0
1460,9,102302.33,11366.925555555554,32476.56572822822,97969.93,395.28,3,3,2.7777777777777777,0.7777777777777778,0.7777777777777778,2
1461,6,1588.74,264.79,74.67361434938047,338.62,153.39,3,2,1.5,0.8333333333333334,0.5,3
1462,7,1611.09,230.1557142857143,68.17039285426455,368.43,147.11,4,2,1.2857142857142858,1.0,0.7142857142857143,3
1463,7,4244.93,606.4185714285715,351.235720346919,1005.09,225.4,5,5,2.4285714285714284,0.5714285714285714,0.2857142857142857,1
1464,3,1355.1,451.7,166.820939632889,581.12,263.43,3,2,2.6666666666666665,1.0,0.3333333333333333,3
1465,7,26610.96,3801.565714285714,1157.3717278508973,6024.15,2267.03,3,2,4.714285714285714,0.8571428571428571,0.5714285714285714,0
1466,6,1050.03,175.005,33.27725274117441,226.71,134.11,2,2,1.6666666666666667,0.6666666666666666,0.3333333333333333,3
1467,8,39809.39,4976.17375,2213.1729707299523,9194.57,2143.46,5,3,4.375,1.0,0.375,0
1468,5,1281.38,256.27599999999995,80.22491090677508,332.14,160.29,1,4,1.8,1.0,0.0,3
1469,6,22283.71,3713.9516666666655,1742.8049977598375,6183.75,1502.3,4,3,4.166666666666667,1.0,0.3333333333333333,0
1470,4,1246.76,311.69,110.98785789445616,423.06,180.71,3,2,1.75,1.0,0.25,3
1471,16,17847.79,1115.486875,787.3572334141494,2319.28,149.17,5,6,2.4375,0.875,0.4375,1
1472,5,938.45,187.69,70.4653361589938,287.04,116.52,3,2,1.8,1.0,0.2,3
1473,6,2224.86,370.81,393.7564877941696,1032.68,33.19,2,5,1.6666666666666667,0.8333333333333334,0.0,1
1474,11,56605.17,5145.924545454545,3575.4563527509704,13984.13,1160.46,5,3,4.636363636363637,1.0,0.5454545454545454,0
1475,5,3346.63,669.326,319.0222582046587,1055.06,387.9,3,4,2.6,1.0,0.6,3
1476,11,5652.22,513.8381818181819,348.9102111379998,1402.83,175.58,5,6,2.272727272727273,0.8181818181818182,0.3636363636363636,1
1477,11,2195.03,199.5481818181818,221.91468382322887,652.18,24.4,2,4,1.3636363636363635,0.9090909090909092,0.0,1
1478,5,3729.29,745.858,462.9704851499716,1283.18,256.96,3,3,1.6,0.8,0.0,1
1479,3,863.74,287.91333333333336,106.48268607305758,394.83,181.87,2,3,2.6666666666666665,1.0,0.6666666666666666,3
1480,7,30205.88,4315.125714285715,3237.773011401804,10666.31,1870.48,3,3,4.714285714285714,0.7142857142857143,0.2857142857142857,0
1481,10,2653.21,265.321,92.21985535182276,455.3,149.98,4,3,1.3,0.9,0.4,1
1482,6,1450.96,241.82666666666668,151.51393344067955,545.2,132.97,4,3,1.6666666666666667,0.6666666666666666,0.3333333333333333,1
1483,10,5997.33,599.733,592.7290518169139,2093.21,146.01,3,3,3.0,0.9,0.9,3
1484,4,823.89,205.9725,81.63386730803991,274.05,96.49,4,2,1.75,1.0,0.5,3
1485,13,3346.83,257.4484615384615,104.71624673740573,489.05,74.23,5,3,1.7692307692307692,0.8461538461538461,0.3846153846153846,1
1486,5,1540.02,308.004,155.90180412682852,585.7,218.51,2,3,2.2,1.0,0.2,3
1487,3,17199.920000000002,5733.306666666667,559.0114969598865,6227.02,5126.34,2,2,4.333333333333333,1.0,0.3333333333333333,0
1488,8,2087.71,260.96375,77.28590445084869,390.25,120.77,5,2,2.0,0.875,0.25,1
1489,9,2173.03,241.4477777777778,376.0162930571553,1144.38,9.76,2,6,1.6666666666666667,0.8888888888888888,0.0,1
1490,14,17705.16,1264.6542857142856,944.1178358879564,3009.02,423.34,5,6,2.2857142857142856,1.0,0.5714285714285714,1
1491,7,10563.45,1509.064285714286,1123.5561579624036,3717.89,323.48,2,4,2.857142857142857,1.0,1.0,3
1492,8,3038.65,379.83125,231.63893297466825,903.27,147.36,3,2,3.0,0.875,0.875,3
1493,9,1724.08,191.56444444444443,77.32689459546256,338.89,69.66,4,3,2.4444444444444446,0.8888888888888888,0.3333333333333333,1
1494,14,3175.19,226.79928571428573,90.80182465671608,426.92,116.41,5,3,1.9285714285714288,1.0,0.5714285714285714,1
1495,8,2280.79,285.09875,122.8517495005958,528.83,103.77,5,3,2.0,0.875,0.375,1
1496,4,852.5600000000001,213.14,36.819559113782624,255.06,176.08,3,2,1.25,1.0,0.5,3
1497,11,14064.98,1278.634545454545,954.714259947589,3908.42,303.88,5,6,3.0,0.9090909090909092,0.2727272727272727,1
1498,4,1308.07,327.0175,26.84295236494428,362.71,302.51,3,2,2.75,1.0,0.25,3
1499,11,87253.4,7932.127272727273,4886.036702678544,17284.46,1305.92,5,2,5.090909090909091,0.8181818181818182,0.3636363636363636,0
1500,12,4704.76,392.0633333333333,155.41962373659334,620.22,96.48,5,5,2.6666666666666665,1.0,0.5,1
1501,7,1212.92,173.27428571428572,96.28399483769232,314.28,64.88,1,4,1.1428571428571428,1.0,0.0,1
1502,5,3251.6,650.3199999999999,257.89951231051214,1017.92,379.96,2,3,2.4,1.0,1.0,3
1503,8,3275.5,409.4375,268.08515085163305,932.42,168.56,3,3,3.125,1.0,0.875,3
1504,11,5517.05,501.55,208.3279519891654,810.96,166.48,2,3,3.272727272727273,1.0,1.0,3
1505,11,3271.0,297.3636363636364,112.51864354610106,438.68,98.39,4,3,1.7272727272727273,0.9090909090909092,0.3636363636363636,1
1506,8,4090.9,511.3625,126.5084968066798,681.91,377.79,3,2,2.875,0.875,0.75,3
1507,6,1539.78,256.63,79.19705423814702,379.18,136.82,3,3,1.5,0.8333333333333334,0.1666666666666666,1
1508,8,8756.25,1094.53125,605.2123907578112,1803.1,311.6,4,4,2.75,0.875,0.375,1
1509,9,16104.49,1789.3877777777775,3587.156561570661,11316.67,232.07,3,5,2.7777777777777777,0.8888888888888888,0.0,1
1510,5,27245.6,5449.120000000001,3657.147578044945,11113.69,1612.41,2,3,4.6,1.0,0.8,0
1511,13,5670.08,436.16,145.90035269548414,681.79,208.99,2,3,3.230769230769231,0.9230769230769232,1.0,3
1512,6,1121.59,186.93166666666664,86.73983362139143,291.52,96.12,2,3,1.6666666666666667,0.6666666666666666,0.0,1
1513,5,1293.03,258.606,109.75927787663326,419.28,158.38,3,2,1.8,1.0,0.4,3
1514,8,3721.38,465.1725,265.2958073412717,877.85,211.47,2,3,3.25,1.0,1.0,3
1515,9,57698.57,6410.952222222222,2654.299919139592,11277.71,2236.45,4,3,4.111111111111111,1.0,0.5555555555555556,0
1516,10,7256.33,725.633,528.161239333638,1737.65,86.02,2,6,2.3,0.9,0.0,1
1517,13,10321.89,793.9915384615384,537.1205202256155,2142.99,265.41,5,5,2.230769230769231,0.8461538461538461,0.5384615384615384,1
1518,6,6076.33,1012.7216666666668,494.5557472890864,1923.4,510.51,4,4,1.8333333333333333,1.0,0.5,1
1519,7,2613.8100000000004,373.4014285714287,278.0480323270647,788.7,109.4,2,5,1.4285714285714286,0.8571428571428571,0.0,1
1520,11,4872.78,442.98,129.85510055442566,698.01,203.18,3,3,2.727272727272727,0.9090909090909092,0.8181818181818182,3
1521,7,3325.95,475.13571428571424,174.96372279772197,692.4,227.97,3,3,3.2857142857142856,1.0,0.8571428571428571,3
1522,4,943.44,235.86,60.4733665894885,295.77,176.76,3,3,1.75,0.5,0.25,1
1523,7,2067.34,295.3342857142857,292.654905070639,922.91,64.7,2,5,1.7142857142857142,0.7142857142857143,0.0,1
1524,8,33422.04,4177.755,1870.3499038109724,7410.53,1964.96,4,3,4.5,1.0,0.25,0
1525,10,3969.64,396.964,177.3184679358332,832.8,242.45,3,3,3.0,0.8,0.8,3
1526,13,3905.76,300.44307692307694,87.89787704912781,504.85,170.21,4,3,1.8461538461538465,0.9230769230769232,0.4615384615384615,1
1527,4,16645.62,4161.405,1886.2840281269064,5747.29,1616.21,4,2,4.25,1.0,0.5,0
1528,6,187061.83,31176.971666666668,71778.20350006997,177650.67,350.16,3,4,2.833333333333333,1.0,0.3333333333333333,2
1529,7,1785.28,255.04,98.02018091529249,394.13,110.95,4,2,1.7142857142857142,0.8571428571428571,0.5714285714285714,3
1530,7,1862.3,266.04285714285714,108.20548302716853,450.53,134.72,4,3,2.0,0.7142857142857143,0.5714285714285714,1
1531,4,1291.56,322.89,120.95849894350816,475.47,182.44,3,2,2.0,0.75,0.25,3
1532,9,34238.04,3804.226666666667,2148.785883691067,6613.49,1044.14,4,3,4.222222222222222,0.7777777777777778,0.5555555555555556,0
1533,8,111525.52,13940.69,38675.71168901153,109658.13,195.23,4,4,1.875,0.875,0.375,2
1534,7,31669.4,4524.2,2523.2547155146003,8095.19,1507.41,5,2,4.714285714285714,0.8571428571428571,0.4285714285714285,0
1535,3,3808.59,1269.53,816.0116345371554,2147.06,533.56,3,3,1.6666666666666667,1.0,0.3333333333333333,3
1536,7,31993.76,4570.537142857143,1834.651616544808,7438.38,2392.64,4,2,5.0,0.8571428571428571,0.2857142857142857,0
1537,12,13364.87,1113.7391666666667,782.6306821165086,2789.2,258.39,4,5,2.5,0.75,0.5833333333333334,1
1538,5,1052.35,210.47,61.03381890394866,256.51,106.61,2,2,2.8,1.0,0.4,3
1539,4,327.13,81.7825,71.74106558775571,187.13,33.13,1,4,1.0,1.0,0.0,3
1540,11,4302.38,391.12545454545455,183.66556690700827,744.51,114.49,2,3,2.8181818181818183,0.9090909090909092,1.0,3
1541,7,1598.87,228.41,100.88307885864704,368.62,124.38,4,2,2.142857142857143,0.8571428571428571,0.5714285714285714,3
1542,8,3024.77,378.09625,114.4157642656815,564.22,249.16,2,3,3.0,0.875,1.0,3
1543,4,2329.19,582.2975,227.50959633606664,897.63,378.98,2,3,3.0,1.0,1.0,3
1544,7,1912.52,273.21714285714285,309.2466879754891,804.23,10.49,2,3,1.5714285714285714,1.0,0.0,1
1545,1,641.38,641.38,0.0,641.38,641.38,1,1,3.0,1.0,1.0,3
1546,6,33460.41,5576.735000000001,3216.301462790764,11757.29,2591.44,4,3,4.666666666666667,1.0,0.5,0
1547,9,8862.289999999999,984.6988888888887,612.9755442398261,1790.05,196.72,4,4,3.111111111111111,0.7777777777777778,0.3333333333333333,1
1548,8,8894.73,1111.84125,1151.1419798671666,3855.04,291.41,5,5,2.625,1.0,0.5,1
1549,8,4393.34,549.1675,253.91740652368492,926.16,191.21,5,5,3.25,0.875,0.5,1
1550,12,3186.54,265.545,129.26732375549938,557.98,123.64,5,3,2.333333333333333,1.0,0.25,1
1551,9,3598.57,399.8411111111111,150.9670541413295,591.76,186.53,3,2,3.333333333333333,0.8888888888888888,0.8888888888888888,3
1552,6,1214.2,202.36666666666667,74.33121650199644,273.75,77.32,2,5,1.3333333333333333,1.0,0.0,1
1553,8,2154.99,269.37375,87.66819132184067,389.31,168.06,4,3,2.0,1.0,0.5,1
1554,11,55171.86,5015.623636363636,2245.7584427238503,9056.96,1502.55,5,3,4.727272727272728,0.9090909090909092,0.4545454545454545,0
1555,4,1621.23,405.3075,110.94607199746493,548.64,306.52,4,2,2.25,1.0,0.5,3
1556,8,3731.69,466.46125,213.43023814670016,880.62,204.34,3,3,3.125,1.0,0.75,3
1557,8,11230.68,1403.835,2222.855273227271,6835.09,212.16,4,4,2.75,0.875,0.625,1
1558,10,9176.66,917.666,911.9440428885974,2658.76,133.27,4,5,2.2,1.0,0.5,1
1559,11,162629.02,14784.456363636362,46197.10692651938,154065.22,93.53,4,5,2.090909090909091,0.8181818181818182,0.4545454545454545,2
1560,9,6715.06,746.1177777777779,638.938235449597,2112.01,95.96,3,5,2.7777777777777777,0.7777777777777778,0.2222222222222222,1
1561,10,2506.76,250.676,54.20359791256174,321.87,172.09,5,2,2.1,0.9,0.4,1
1562,7,8552.69,1221.8128571428572,893.0487156498291,2441.49,296.16,4,4,1.8571428571428568,1.0,0.5714285714285714,1
1563,10,4736.99,473.699,208.702639308765,821.34,100.23,3,3,3.2,0.9,0.9,3
1564,10,1812.84,181.284,203.27935732768236,571.99,7.17,2,5,1.4,0.9,0.0,1
1565,7,112148.64,16021.234285714285,41596.16454940282,110350.8,69.3,2,4,1.5714285714285714,0.8571428571428571,0.0,2
1566,9,1819.24,202.13777777777776,150.47080711701005,553.8,41.75,2,6,1.2222222222222223,1.0,0.0,1
1567,9,11524.19,1280.4655555555555,852.2116007059384,2624.33,292.11,5,4,2.6666666666666665,0.8888888888888888,0.5555555555555556,1
1568,6,5104.25,850.7083333333334,504.97327974524217,1820.6,438.05,4,4,2.6666666666666665,1.0,0.5,1
1569,6,4237.78,706.2966666666666,275.486645895344,1128.33,381.21,2,3,3.333333333333333,1.0,1.0,3
1570,9,1366.6,151.84444444444446,93.92249159694272,270.6,20.96,2,5,1.5555555555555556,0.8888888888888888,0.0,1
1571,14,3237.67,231.2621428571429,57.926814858667385,372.15,155.0,5,3,1.7142857142857142,1.0,0.4285714285714285,1
1572,8,2285.13,285.64125,136.079651091085,455.19,91.95,3,3,2.125,0.875,0.5,3
1573,13,4226.8,325.1384615384616,193.84712266139667,783.0,148.19,4,3,1.9230769230769231,0.8461538461538461,0.5384615384615384,1
1574,12,8177.65,681.4708333333333,379.0540672506265,1416.24,230.97,5,5,2.25,0.9166666666666666,0.4166666666666667,1
1575,13,3375.95,259.6884615384615,131.69155388293726,468.63,123.49,5,3,2.0,0.9230769230769232,0.2307692307692307,1
1576,6,1488.13,248.02166666666665,41.21042509689345,327.45,218.29,4,3,2.333333333333333,0.6666666666666666,0.3333333333333333,1
1577,4,14831.45,3707.8625,983.9163608212168,4502.62,2425.16,2,3,4.5,1.0,0.5,0
1578,6,1761.7,293.6166666666667,96.01542952393989,414.75,154.81,4,3,1.8333333333333333,0.6666666666666666,0.5,1
1579,7,159905.27,22843.61,59554.95555308728,157901.25,176.2,3,2,2.4285714285714284,0.8571428571428571,0.8571428571428571,2
1580,10,2358.42,235.842,77.27215810224132,336.4,118.89,4,2,2.0,0.9,0.3,1
1581,7,4115.87,587.9814285714285,488.1317134554488,1634.42,154.39,5,5,2.2857142857142856,0.5714285714285714,0.2857142857142857,1
1582,8,4954.76,619.345,285.45107301552446,1002.46,254.71,3,6,2.375,0.875,0.75,1
1583,5,2490.7,498.14,241.44105408981295,833.41,313.45,2,3,2.8,1.0,1.0,3
1584,10,2255.75,225.575,91.37366083530002,348.45,97.52,4,3,2.0,1.0,0.4,1
1585,4,595.86,148.965,120.99448954394578,315.47,59.21,2,3,1.5,0.75,0.0,3
1586,7,5098.9400000000005,728.4200000000001,361.7042944634931,1245.66,273.65,4,4,2.0,0.7142857142857143,0.2857142857142857,1
1587,5,3311.62,662.324,758.4695103825862,2005.94,233.53,2,4,1.6,1.0,0.0,1
1588,12,2165.69,180.47416666666663,114.76172789807372,408.3,62.14,2,5,1.3333333333333333,0.8333333333333334,0.0,1
1589,7,1975.74,282.24857142857144,76.32379957098821,423.57,210.69,3,3,2.0,0.8571428571428571,0.2857142857142857,1
1590,5,53144.85,10628.97,6684.30344777599,21877.3,4015.9,3,2,4.4,0.8,0.6,0
1591,6,1222.98,203.83,65.62940103337831,290.3,133.53,3,3,1.8333333333333333,0.6666666666666666,0.6666666666666666,3
1592,4,1398.72,349.68,217.20417782967863,604.39,155.34,4,3,1.5,1.0,0.25,1
1593,7,1804.15,257.7357142857143,119.31977718958171,492.3,139.77,1,3,1.8571428571428568,0.8571428571428571,1.0,3
1594,8,1525.71,190.71375,87.67830110083436,344.28,109.83,4,3,1.875,0.625,0.25,1
1595,4,4164.48,1041.12,885.2834292285532,2176.06,67.71,3,4,2.0,1.0,0.5,3
1596,11,66079.42,6007.22,3605.6079235379984,13967.09,1542.89,4,2,4.181818181818182,1.0,0.1818181818181818,0
1597,4,1152.09,288.02250000000004,119.9809085854912,420.08,128.91,2,2,2.25,1.0,0.0,3
1598,10,6910.96,691.096,453.9676192123546,1458.98,163.31,5,6,1.9,0.9,0.5,1
1599,5,31202.77,6240.554,1782.4712690054787,8131.01,4084.99,3,2,4.2,1.0,0.4,0
1600,1,283.08,283.08,0.0,283.08,283.08,1,1,3.0,1.0,0.0,3
1601,9,5691.7,632.411111111111,394.64263987956383,1440.93,217.0,5,5,2.555555555555556,1.0,0.4444444444444444,1
1602,12,139250.62,11604.218333333332,36405.32692180658,127179.08,227.92,5,6,2.6666666666666665,1.0,0.25,2
1603,4,1412.25,353.0625,112.12567275903707,520.71,285.06,2,2,2.5,1.0,1.0,3
1604,9,7024.35,780.4833333333333,402.3523810355793,1575.1,299.01,5,5,2.333333333333333,0.8888888888888888,0.6666666666666666,1
1605,8,6506.05,813.25625,870.1517949175387,2889.39,172.4,2,6,2.375,0.875,1.0,3
1606,11,11988.53,1089.8663636363635,637.8949092644136,2523.85,189.06,4,5,2.5454545454545454,0.8181818181818182,0.3636363636363636,1
1607,10,4907.56,490.756,190.167409300332,928.52,279.6,2,3,3.4,1.0,1.0,3
1608,10,5806.26,580.626,400.8124436469285,1587.37,161.61,3,3,3.4,1.0,0.8,3
1609,5,2318.57,463.714,238.8516088076444,743.48,247.24,3,3,3.8,1.0,0.8,3
1610,11,12802.79,1163.89,851.2755420543925,3067.59,242.56,5,5,2.727272727272727,0.9090909090909092,0.3636363636363636,1
1611,6,1699.83,283.305,139.30965619798218,485.31,154.99,4,2,1.8333333333333333,1.0,0.5,3
1612,8,2495.61,311.95125,163.98539076371583,597.95,127.41,4,2,1.75,1.0,0.625,3
1613,15,71208.47,4747.231333333333,2062.011935360589,8862.96,2314.67,5,3,4.533333333333333,1.0,0.5333333333333333,0
1614,6,2783.9700000000003,463.99500000000006,440.4193887989038,1309.45,134.39,2,5,1.1666666666666667,1.0,0.0,1
1615,7,5384.0,769.1428571428571,397.34924607597134,1509.59,417.83,3,4,2.142857142857143,0.8571428571428571,0.8571428571428571,3
1616,9,4502.79,500.31,211.627235073844,876.36,228.99,2,3,2.6666666666666665,1.0,1.0,3
1617,4,860.4,215.1,49.1391948109314,249.53,142.44,3,3,1.75,1.0,0.5,3
1618,10,4243.04,424.304,205.01547991418707,709.56,154.63,3,3,2.6,0.9,0.9,3
1619,9,2253.09,250.34333333333336,66.22869751852288,322.6,155.68,4,3,2.0,1.0,0.7777777777777778,3
1620,11,90261.98,8205.634545454544,6812.37670656044,27942.7,2985.02,3,3,4.636363636363637,0.8181818181818182,0.7272727272727273,0
1621,5,1013.54,202.708,40.212057520102114,263.3,153.92,2,2,2.0,1.0,1.0,3
1622,7,5602.09,800.2985714285714,696.0620119028804,1967.53,226.5,3,4,2.142857142857143,1.0,0.7142857142857143,3
1623,9,8570.02,952.2244444444444,635.4544134143516,1997.96,229.63,4,4,2.555555555555556,0.8888888888888888,0.4444444444444444,1
1624,9,3535.55,392.8388888888889,262.2206168689089,1058.55,189.97,2,3,3.0,1.0,0.7777777777777778,3
1625,8,81475.39,10184.42375,9253.703078142653,25997.89,3307.61,5,3,4.375,1.0,0.375,0
1626,7,12182.97,1740.4242857142856,2161.2972926297234,6527.29,425.67,5,5,2.4285714285714284,0.8571428571428571,0.2857142857142857,1
1627,2,2356.74,1178.37,975.0295405781304,1867.82,488.92,2,2,1.5,0.5,0.0,3
1628,12,3094.35,257.8625,101.22587749681402,450.7,108.97,4,3,2.1666666666666665,0.9166666666666666,0.25,1
1629,9,176659.57,19628.841111111116,57894.27992675992,174013.1,108.17,3,3,2.888888888888889,0.8888888888888888,0.8888888888888888,2
1630,10,187664.06,18766.405999999995,58233.25055769354,184500.93,185.1,3,3,3.1,0.9,0.9,2
1631,8,4171.46,521.4325,186.2770469527273,801.23,315.81,2,2,3.125,1.0,1.0,3
1632,7,3396.27,485.18142857142857,445.4546311888777,1212.17,144.58,2,3,3.2857142857142856,0.8571428571428571,1.0,3
1633,7,2944.69,420.67,191.2880034572651,684.6,132.28,2,2,3.0,0.7142857142857143,1.0,3
1634,8,2214.01,276.75125,97.08884361942488,388.44,118.9,3,2,1.75,0.625,0.5,3
1635,5,2488.54,497.708,172.3948040690322,684.83,323.16,2,3,3.4,1.0,1.0,3
1636,3,939.57,313.19,88.32244731663633,369.82,211.42,2,2,2.0,1.0,0.6666666666666666,3
1637,8,2206.97,275.87125,93.57400286671508,408.38,157.15,2,3,1.875,1.0,1.0,3
1638,12,70787.04,5898.919999999999,3273.0164567872253,14518.9,2308.19,5,3,4.75,0.75,0.5,0
1639,8,3838.67,479.83375,298.17723214498267,1162.2,251.3,3,3,3.125,0.625,0.875,3
1640,8,3690.01,461.25125,258.2130167371506,1039.05,195.54,2,3,3.125,0.875,1.0,3
1641,5,1436.83,287.366,162.00470820318773,552.37,138.65,3,3,2.0,1.0,0.4,3
1642,7,3310.78,472.9685714285714,381.9893694606597,1261.56,173.33,3,3,2.7142857142857144,1.0,0.8571428571428571,3
1643,6,1478.34,246.39,230.02448947883784,595.79,55.04,2,4,1.3333333333333333,0.8333333333333334,0.0,1
1644,6,44015.03,7335.838333333333,2884.7889698653294,12569.74,4305.59,4,3,4.833333333333333,1.0,0.6666666666666666,0
1645,10,3170.01,317.00100000000003,156.58716496642444,624.64,131.38,4,3,1.8,1.0,0.4,1
1646,9,4617.599999999999,513.0666666666666,360.741852021636,1098.6,184.45,2,2,3.2222222222222223,1.0,1.0,3
1647,4,1307.85,326.9625,90.77073000147128,401.03,195.89,3,2,2.75,1.0,0.0,3
1648,12,11174.35,931.1958333333332,884.2374249185086,3465.59,254.9,5,5,2.5,0.8333333333333334,0.5,1
1649,7,29559.03,4222.718571428572,2403.239396831067,8236.14,1868.34,2,2,4.714285714285714,1.0,0.4285714285714285,0
1650,11,8417.82,765.2563636363636,466.64049419810806,1731.36,274.74,4,6,2.727272727272727,1.0,0.5454545454545454,1
1651,7,2918.95,416.99285714285713,209.42234994656812,694.23,151.9,2,3,3.0,0.8571428571428571,1.0,3
1652,4,3856.82,964.205,610.1233107331665,1702.33,356.14,2,4,3.25,1.0,0.0,3
1653,9,4185.59,465.0655555555556,203.2692872220931,836.48,185.07,3,3,3.2222222222222223,0.7777777777777778,0.8888888888888888,3
1654,8,3399.7200000000003,424.965,181.49722012825904,751.95,218.05,3,3,2.875,1.0,0.875,3
1655,10,4883.22,488.322,263.3125364277212,1065.64,282.34,2,3,3.0,0.9,1.0,3
1656,8,9428.85,1178.60625,1071.9014296891496,3007.62,143.1,5,5,2.5,0.875,0.5,1
1657,8,47602.66,5950.3325,4378.338832697527,14706.43,971.77,4,3,4.375,1.0,0.375,0
1658,10,9040.1,904.01,564.7236913944927,2219.89,332.81,4,4,2.5,1.0,0.3,1
1659,14,73439.76000000001,5245.697142857143,2901.032544320486,11520.72,851.95,4,3,4.142857142857143,1.0,0.5,0
1660,12,5825.91,485.4925,369.0410799780475,1307.28,153.92,3,3,3.0,0.9166666666666666,0.9166666666666666,3
1661,12,3639.59,303.2991666666667,153.1448927387711,678.61,113.43,5,3,2.083333333333333,0.9166666666666666,0.5833333333333334,1
1662,13,17258.96,1327.6123076923077,1595.4531432697204,5349.83,245.81,4,6,2.6153846153846154,0.9230769230769232,0.4615384615384615,1
1663,9,2322.85,258.09444444444443,70.42579944720384,379.54,172.22,5,3,1.8888888888888888,0.7777777777777778,0.5555555555555556,1
1664,15,7695.8,513.0533333333334,179.25346402975498,992.89,237.28,3,3,3.066666666666667,0.9333333333333332,0.8666666666666667,3
1665,9,2704.94,300.5488888888889,149.60287835169186,493.21,102.93,3,3,2.888888888888889,1.0,0.8888888888888888,3
1666,10,2545.31,254.531,69.11951492403094,358.63,166.09,5,3,2.1,0.9,0.6,1
1667,6,2921.94,486.99,260.9131217857776,881.82,134.57,2,3,2.5,1.0,1.0,3
1668,6,2788.86,464.81,117.53241255075127,663.79,328.15,4,3,2.1666666666666665,0.8333333333333334,0.5,1
1669,7,3427.32,489.6171428571429,230.79949867899668,955.64,240.2,5,3,2.857142857142857,1.0,0.2857142857142857,1
1670,14,6601.46,471.5328571428572,288.28995949400485,1119.79,114.27,2,3,3.142857142857143,0.9285714285714286,1.0,3
1671,1,142.86,142.86,0.0,142.86,142.86,1,1,1.0,1.0,1.0,3
1672,13,2766.4,212.8,182.22069453458536,602.47,51.79,2,6,1.6153846153846154,0.7692307692307693,0.0,1
1673,8,1883.74,235.4675,81.76352954885029,394.97,159.09,5,3,2.0,1.0,0.5,1
1674,7,31396.08,4485.154285714286,2809.870923434368,8411.63,1439.97,4,2,4.571428571428571,0.8571428571428571,0.1428571428571428,0
1675,11,3656.08,332.3709090909091,358.2566090515162,1278.74,16.69,2,6,1.4545454545454546,1.0,0.0,1
1676,12,66669.22,5555.768333333333,4034.109930779669,17398.62,2573.0,5,3,4.166666666666667,0.8333333333333334,0.4166666666666667,0
1677,7,3107.21,443.88714285714286,770.3544617623389,2184.69,59.58,2,5,1.8571428571428568,0.7142857142857143,0.0,1
1678,8,1759.98,219.9975,187.44874329876345,609.76,16.98,2,4,1.625,0.875,0.0,1
1679,6,1315.33,219.22166666666664,75.98573113859383,370.41,169.17,3,3,1.6666666666666667,1.0,0.6666666666666666,3
1680,4,2350.48,587.62,338.5801326126505,1014.02,227.21,4,2,2.75,1.0,0.5,3
1681,9,2694.28,299.3644444444445,81.0800934433217,415.11,192.08,4,2,2.111111111111111,0.7777777777777778,0.4444444444444444,1
1682,8,7427.41,928.42625,1015.6178771978804,3006.85,197.59,5,4,2.375,1.0,0.25,1
1683,6,31552.65,5258.775000000001,2923.051911182899,9128.58,2285.35,4,3,4.0,1.0,0.6666666666666666,0
1684,4,976.21,244.0525,56.79286479538311,291.13,161.93,3,3,2.25,1.0,0.25,3
1685,14,3507.44,250.53142857142856,123.66590213817368,548.51,103.16,5,3,2.142857142857143,0.9285714285714286,0.4285714285714285,1
1686,8,9839.62,1229.9525,720.2611588415094,2559.66,638.92,4,4,2.625,1.0,0.25,1
1687,11,2920.65,265.51363636363635,124.46511617901037,445.98,94.89,2,4,1.2727272727272727,0.9090909090909092,0.0,1
1688,11,4755.31,432.300909090909,244.2351447050381,994.75,154.26,2,3,2.727272727272727,0.9090909090909092,1.0,3
1689,9,3418.73,379.8588888888889,130.2337634260452,611.6,208.53,3,3,3.333333333333333,0.8888888888888888,0.8888888888888888,3
1690,9,11884.01,1320.4455555555555,776.3220251788414,2682.65,250.19,4,5,2.7777777777777777,1.0,0.2222222222222222,1
1691,9,4132.16,459.12888888888887,258.27883974710574,1028.01,222.31,3,3,3.4444444444444446,0.8888888888888888,0.7777777777777778,3
1692,7,1412.88,201.84,57.08008467641465,293.51,130.29,4,3,2.0,1.0,0.5714285714285714,3
1693,13,6097.97,469.0746153846154,298.70656062473154,1327.31,135.19,3,3,3.230769230769231,1.0,0.7692307692307693,3
1694,7,1429.66,204.23714285714289,125.98372245575824,462.89,83.22,2,5,1.4285714285714286,1.0,0.0,1
1695,6,1521.66,253.61,130.7931756629527,492.73,142.5,4,2,1.6666666666666667,1.0,0.6666666666666666,3
1696,8,7464.58,933.0725,518.135137633031,1985.31,365.29,4,4,2.75,0.875,0.75,1
1697,2,1253.9,626.95,85.29121994672141,687.26,566.64,1,1,3.0,1.0,1.0,3
1698,9,1290.47,143.38555555555556,66.80313767165265,252.3,22.04,2,6,1.7777777777777777,0.7777777777777778,0.0,1
1699,10,4136.86,413.686,185.64230224337936,827.89,232.96,3,3,3.1,1.0,0.9,3
1700,14,3952.77,282.3407142857143,140.98751523910445,583.48,125.18,5,3,2.0,1.0,0.2142857142857142,1
1701,8,2491.19,311.39875,184.02558078682588,698.83,162.42,4,2,2.5,1.0,0.5,3
1702,8,38148.06,4768.5075,2093.477363265995,6791.47,1348.36,4,3,5.0,1.0,0.5,0
1703,7,2883.6800000000003,411.9542857142857,246.4855666401276,877.85,93.45,3,3,3.0,1.0,0.8571428571428571,3
1704,12,56092.55,4674.379166666667,2384.1226961961133,11528.66,2621.63,5,3,4.166666666666667,0.9166666666666666,0.5,0
1705,3,875.5600000000001,291.8533333333333,5.283988392619095,296.6,286.16,3,2,2.333333333333333,0.3333333333333333,0.6666666666666666,3
1706,1,6936.78,6936.78,0.0,6936.78,6936.78,1,1,6.0,1.0,0.0,0
1707,4,780.85,195.2125,75.34218976332804,272.27,92.88,3,3,1.75,1.0,0.25,3
1708,6,4072.76,678.7933333333333,428.57193448319344,1301.36,216.1,3,5,2.1666666666666665,0.6666666666666666,0.0,1
1709,8,3178.11,397.26375,158.3341860873026,559.28,142.1,3,3,3.0,1.0,0.875,3
1710,9,2735.86,303.9844444444445,138.28208362900008,536.54,165.61,3,3,2.0,1.0,0.6666666666666666,3
1711,5,5562.38,1112.476,597.1927379665631,2027.28,531.65,4,4,1.8,1.0,0.6,1
1712,5,2941.93,588.386,404.8206176567592,1233.82,127.92,3,5,2.0,1.0,0.8,3
1713,5,1382.38,276.476,22.821321828500647,309.8,258.33,2,2,1.6,1.0,0.8,3
1714,11,73360.56,6669.141818181818,4521.31192263002,16892.58,1565.02,5,3,3.727272727272727,0.7272727272727273,0.5454545454545454,0
1715,6,2070.12,345.02,82.28338641548487,441.41,252.65,3,3,3.1666666666666665,1.0,0.8333333333333334,3
1716,6,4939.299999999999,823.2166666666666,328.3870846221981,1250.78,514.06,4,4,2.833333333333333,0.8333333333333334,0.6666666666666666,1
1717,4,26787.98,6696.995,4982.801261074604,13310.65,2691.95,4,2,3.75,1.0,0.5,0
1718,6,2216.24,369.3733333333333,191.48980804906213,734.75,238.46,3,3,3.1666666666666665,1.0,0.8333333333333334,3
1719,4,1697.02,424.255,84.85799058819782,506.24,312.49,2,4,1.5,1.0,0.0,1
1720,12,9199.09,766.5908333333333,453.4373852225071,1475.28,156.6,5,6,2.583333333333333,0.9166666666666666,0.5,1
1721,10,8412.8,841.28,830.4850066744799,2521.91,108.06,4,5,2.4,0.9,0.4,1
1722,4,1429.01,357.2525,177.75221224596146,618.49,227.59,2,2,2.75,1.0,1.0,3
1723,3,1510.44,503.48,301.0615199589612,754.52,169.7,2,1,1.6666666666666667,1.0,0.0,3
1724,3,1319.19,439.73,122.17756790835216,578.72,349.29,2,2,2.0,0.6666666666666666,1.0,3
1725,10,7328.14,732.8140000000001,622.3417482951879,1866.26,126.99,4,5,2.5,0.8,0.2,1
1726,18,11104.0,616.8888888888889,411.7066118557627,1608.0,171.88,5,6,2.6666666666666665,1.0,0.4444444444444444,1
1727,13,5083.14,391.01076923076926,160.45674694766078,726.86,148.93,3,3,3.076923076923077,0.8461538461538461,0.6923076923076923,3
1728,8,2843.92,355.49,222.6994489055982,709.66,134.08,5,2,2.0,1.0,0.625,1
1729,7,9485.17,1355.0242857142855,1350.1874981875314,3944.08,116.62,5,3,3.0,1.0,0.4285714285714285,1
1730,6,2353.27,392.2116666666666,147.92245798615795,593.14,259.04,3,3,3.6666666666666665,1.0,0.8333333333333334,3
1731,8,6290.57,786.32125,688.3229669366699,2160.43,220.64,5,4,2.875,0.75,0.375,1
1732,7,5956.71,850.9585714285714,599.8113115646889,1722.35,216.47,4,4,2.2857142857142856,0.8571428571428571,0.4285714285714285,1
1733,9,136047.45,15116.383333333337,43588.90806710636,131350.51,170.12,3,6,3.111111111111111,1.0,0.3333333333333333,2
1734,11,44732.46,4066.5872727272726,2115.6723901591718,9499.53,2072.79,5,3,4.2727272727272725,0.9090909090909092,0.5454545454545454,0
1735,7,89628.29,12804.041428571429,31592.169344655875,84438.34,230.47,3,4,2.571428571428572,1.0,0.2857142857142857,2
1736,12,5602.96,466.91333333333336,204.4761760887532,779.43,172.81,3,3,2.833333333333333,0.8333333333333334,0.9166666666666666,3
1737,6,1516.01,252.6683333333333,120.75986227495736,406.69,71.19,3,3,2.0,1.0,0.6666666666666666,3
1738,9,1886.2,209.57777777777775,77.20209724770723,335.98,99.44,5,3,2.4444444444444446,0.7777777777777778,0.5555555555555556,1
1739,10,3415.47,341.547,232.98395157177671,731.79,38.9,2,5,1.4,0.8,0.0,1
1740,8,1877.68,234.71,64.18274601257168,322.93,131.19,3,3,2.25,0.875,0.75,3
1741,7,1355.92,193.70285714285717,44.09787096685648,254.02,131.22,4,3,2.0,1.0,0.5714285714285714,3
1742,4,2500.53,625.1324999999999,738.1313804183733,1663.36,55.13,2,3,1.5,1.0,0.0,3
1743,6,2246.09,374.34833333333336,321.0885543532604,999.76,134.2,3,2,3.1666666666666665,0.8333333333333334,0.8333333333333334,3
1744,7,6117.48,873.9257142857142,657.5689176012186,1783.09,165.04,4,3,3.0,1.0,0.2857142857142857,1
1745,7,2878.76,411.2514285714286,203.0308606615073,816.62,213.59,2,3,3.4285714285714284,1.0,1.0,3
1746,5,25100.39,5020.078,2539.5569441380912,9187.16,2854.24,4,2,4.0,1.0,0.2,0
1747,3,1078.1,359.3666666666666,217.9671489773937,604.88,188.63,2,3,3.333333333333333,1.0,1.0,3
1748,6,5495.86,915.9766666666666,528.3986769350078,1361.02,201.94,4,3,2.0,1.0,0.3333333333333333,1
1749,11,5928.38,538.9436363636364,317.34987859688016,1364.49,255.45,2,3,3.5454545454545454,0.8181818181818182,1.0,3
1750,6,7951.64,1325.2733333333333,771.5102021792496,2455.56,356.32,3,3,2.333333333333333,1.0,0.5,3
1751,12,10344.1,862.0083333333333,469.8732766266654,1665.78,237.33,5,6,2.1666666666666665,1.0,0.5,1
1752,7,8280.99,1182.9985714285715,1402.1040079754966,4217.11,157.92,4,5,3.0,0.8571428571428571,0.2857142857142857,1
1753,10,6762.95,676.295,460.18686427363394,1416.34,123.09,4,4,2.9,1.0,0.8,1
1754,9,3966.3,440.7000000000001,201.12761533414556,792.85,214.87,3,3,2.555555555555556,1.0,0.8888888888888888,3
1755,6,7235.780000000001,1205.9633333333334,1501.994473940123,4229.45,363.53,5,4,2.6666666666666665,1.0,0.3333333333333333,1
1756,2,1565.9,782.95,945.8684569219972,1451.78,114.12,2,1,2.0,1.0,0.5,3
1757,6,5822.85,970.475,1339.2486240687351,3660.19,127.55,5,4,2.6666666666666665,1.0,0.3333333333333333,1
1758,13,16177.73,1244.440769230769,1565.7889584192667,5946.76,236.74,4,6,2.1538461538461537,0.8461538461538461,0.4615384615384615,1
1759,10,3792.24,379.224,143.04968749820227,663.67,204.02,2,3,2.6,1.0,1.0,3
1760,6,2743.62,457.27,146.75487044728703,652.76,296.39,2,2,3.1666666666666665,1.0,1.0,3
1761,10,6660.04,666.004,696.5907818033005,2281.17,34.78,5,5,2.6,0.9,0.3,1
1762,7,2219.42,317.06,263.79877621651946,806.51,77.92,2,5,1.4285714285714286,1.0,0.0,1
1763,9,3289.5,365.5,256.296175498192,1007.64,149.62,3,3,3.4444444444444446,1.0,0.8888888888888888,3
1764,10,10605.06,1060.506,659.4751505587185,1819.81,248.34,4,5,3.0,1.0,0.3,1
1765,2,646.38,323.19,122.28704673840156,409.66,236.72,1,2,2.5,1.0,0.0,3
1766,3,217.98,72.66000000000001,38.47533755537435,106.0,30.56,2,3,1.6666666666666667,1.0,0.0,3
1767,8,9641.61,1205.20125,887.0218296144126,2705.42,167.11,4,4,2.0,1.0,0.75,1
1768,8,3668.42,458.5525,175.60613459427566,720.73,224.18,3,3,2.875,1.0,0.75,3
1769,8,5396.55,674.56875,567.427677794083,1908.44,225.57,5,6,1.875,0.875,0.5,1
1770,9,7784.38,864.9311111111111,772.0155573472022,2383.29,157.69,4,5,2.0,0.7777777777777778,0.4444444444444444,1
1771,7,2272.6800000000003,324.66857142857145,96.16621607553095,467.25,196.52,5,3,2.2857142857142856,1.0,0.4285714285714285,1
1772,10,12617.42,1261.742,1216.2827905804727,3810.9,339.24,4,6,2.5,0.8,0.6,1
1773,3,463.53,154.51000000000002,70.79917019287726,195.86,72.76,2,3,1.6666666666666667,0.6666666666666666,0.0,3
1774,8,7069.21,883.65125,686.4485801456133,2435.35,286.03,3,4,2.375,1.0,0.25,1
1775,3,994.76,331.58666666666664,204.08466045573667,449.43,95.93,2,3,1.3333333333333333,1.0,0.0,3
1776,18,4930.11,273.895,366.1175015057645,1617.35,14.88,2,6,1.3333333333333333,1.0,0.0,1
1777,5,4799.57,959.914,583.8448042759309,1578.57,364.59,4,5,1.4,0.8,0.2,1
1778,9,5441.81,604.6455555555555,474.612178813163,1406.16,74.78,5,6,2.555555555555556,0.7777777777777778,0.3333333333333333,1
1779,12,4961.96,413.4966666666666,226.42470497770876,853.87,168.91,2,3,3.25,0.9166666666666666,1.0,3
1780,7,2714.54,387.7914285714286,116.93038946720556,530.36,212.45,2,3,2.4285714285714284,0.7142857142857143,1.0,3
1781,12,2782.09,231.8408333333333,56.01337023155248,333.68,153.9,5,2,2.0,1.0,0.5833333333333334,1
1782,4,5477.49,1369.3725,589.9242424455873,1887.0,544.46,4,3,1.75,1.0,0.5,3
1783,14,13359.01,954.215,600.9985046794402,2260.18,274.82,5,6,2.142857142857143,0.9285714285714286,0.5714285714285714,1
1784,6,1559.4,259.90000000000003,122.00231506000203,492.7,164.25,3,2,2.0,1.0,0.0,3
1785,11,12092.46,1099.3145454545456,868.7541412892792,3372.59,95.98,5,5,2.727272727272727,1.0,0.2727272727272727,1
1786,3,3504.19,1168.0633333333333,864.28000094491,2083.15,365.64,3,3,1.3333333333333333,1.0,0.3333333333333333,3
1787,11,3074.38,279.4890909090909,86.35052315470305,435.46,152.76,4,3,1.7272727272727273,1.0,0.4545454545454545,1
1788,3,2105.8,701.9333333333334,622.366481450707,1397.55,197.83,3,3,3.6666666666666665,1.0,0.3333333333333333,3
1789,7,29674.26,4239.18,2342.2178387445806,7194.02,1548.01,4,3,4.571428571428571,1.0,0.4285714285714285,0
1790,7,9660.71,1380.1014285714286,1237.2268846150596,4021.84,572.03,4,4,2.571428571428572,0.7142857142857143,0.2857142857142857,1
1791,6,2293.77,382.295,169.4008514441412,721.08,267.81,2,3,2.833333333333333,1.0,1.0,3
1792,10,5761.14,576.114,280.85132125181275,1271.15,236.67,2,2,2.4,1.0,0.9,3
1793,8,2191.49,273.93625,75.55811480244857,394.87,200.12,4,3,1.625,0.875,0.125,1
1794,12,73559.21,6129.934166666667,4292.191017172843,17506.3,1892.4,5,3,4.666666666666667,0.8333333333333334,0.4166666666666667,0
1795,8,2705.78,338.2225,179.93864095058308,678.45,169.08,5,3,2.25,0.875,0.625,1
1796,10,203885.55,20388.555,62619.02875817635,198599.92,227.11,3,6,2.4,1.0,0.4,2
1797,9,2496.89,277.4322222222222,139.54331664198196,568.53,140.75,5,3,1.6666666666666667,1.0,0.5555555555555556,1
1798,9,8937.439999999999,993.0488888888888,742.155190011571,2182.45,331.62,4,6,2.6666666666666665,1.0,0.5555555555555556,1
1799,4,955.3,238.825,100.8054742230467,385.65,164.96,2,2,2.0,1.0,0.5,3
1800,13,6143.53,472.5792307692308,215.7458118350365,944.65,172.9,3,3,2.8461538461538463,0.7692307692307693,0.8461538461538461,3
1801,6,1411.17,235.195,40.25817966575241,296.47,189.21,3,3,1.8333333333333333,1.0,0.1666666666666666,1
1802,11,2802.44,254.76727272727277,70.94139483981255,379.38,162.47,4,3,2.363636363636364,1.0,0.5454545454545454,1
1803,10,3672.49,367.249,210.33001124951764,646.75,109.14,3,3,3.5,0.8,0.9,3
1804,11,3297.28,299.75272727272727,126.54937274367734,575.43,142.74,5,3,2.0,0.9090909090909092,0.4545454545454545,1
1805,13,73520.68,5655.4369230769225,3729.8392488001055,16848.27,2348.62,5,3,4.153846153846154,1.0,0.4615384615384615,0
1806,9,6285.92,698.4355555555555,374.6554324012636,1044.27,134.32,3,6,2.2222222222222223,1.0,0.5555555555555556,1
1807,9,18104.44,2011.604444444444,2734.527624554701,8961.8,252.97,5,4,2.333333333333333,0.6666666666666666,0.3333333333333333,1
1808,4,1712.22,428.055,215.52717268749817,690.87,182.66,1,2,2.25,1.0,1.0,3
1809,3,935.17,311.7233333333333,104.84765726201674,421.89,213.16,3,2,2.6666666666666665,1.0,0.3333333333333333,3
1810,5,3860.35,772.0699999999999,575.1409942787942,1516.58,139.64,3,3,2.0,1.0,0.6,3
1811,6,1717.16,286.1933333333333,89.64709848437185,397.76,194.37,3,3,2.1666666666666665,1.0,0.3333333333333333,3
1812,4,20797.86,5199.465,2835.553114937778,9180.79,2950.25,2,3,3.5,1.0,1.0,3
1813,7,3450.6,492.9428571428571,264.47493508927494,957.18,219.32,2,3,2.7142857142857144,1.0,0.8571428571428571,3
1814,8,3131.54,391.4425,126.26053265824144,539.1,203.96,3,3,3.375,1.0,0.875,3
1815,11,2739.04,249.0036363636364,77.1970083970522,403.45,140.38,4,3,2.272727272727273,1.0,0.5454545454545454,1
1816,7,5021.7,717.3857142857142,541.6818851151521,1764.88,284.54,2,5,3.0,0.8571428571428571,0.5714285714285714,3
1817,12,117363.28,9780.273333333333,33053.58884833271,114739.28,102.21,5,4,2.25,0.75,0.4166666666666667,2
1818,4,1225.15,306.2875,81.05877430399912,404.12,238.92,2,2,3.0,1.0,1.0,3
1819,8,44939.38,5617.4225,2635.033215468342,9973.11,2493.66,4,3,5.0,1.0,0.625,0
1820,8,36310.02,4538.7525000000005,1581.9350403382562,6872.91,1794.4,5,2,5.125,0.875,0.375,0
1821,6,5188.08,864.68,454.2648417388252,1499.28,384.86,4,3,1.8333333333333333,0.8333333333333334,0.5,1
1822,17,21660.35,1274.1382352941175,1483.180742354229,6481.31,115.79,5,6,2.4705882352941178,0.9411764705882352,0.2941176470588235,1
1823,7,10145.36,1449.337142857143,591.2798210298936,2303.76,789.2,4,5,1.8571428571428568,0.8571428571428571,0.4285714285714285,1
1824,8,35668.55,4458.56875,1245.366918719568,7046.33,2936.71,4,2,4.375,0.875,0.625,0
1825,16,4577.73,286.108125,144.63918266817143,677.39,103.31,5,3,1.875,0.9375,0.375,1
1826,8,9877.24,1234.655,1259.941538451005,3626.2,400.67,4,5,3.125,0.875,0.125,1
1827,7,2002.46,286.0657142857143,112.74906693732812,398.73,124.72,5,3,2.142857142857143,1.0,0.2857142857142857,1
1828,13,140986.66999999998,10845.12846153846,37864.295194271705,136864.11,186.17,3,3,2.923076923076923,0.9230769230769232,0.8461538461538461,2
1829,6,27183.51,4530.585,2514.6501032211218,9092.74,2272.02,3,3,4.166666666666667,0.8333333333333334,0.0,0
1830,10,6600.4800000000005,660.048,352.7659557711191,1457.97,333.72,5,4,2.2,0.9,0.4,1
1831,11,98909.30000000002,8991.754545454547,26478.86801441156,88784.21,122.95,4,4,2.1818181818181817,1.0,0.6363636363636364,2
1832,10,2628.74,262.874,170.8027039338403,698.79,105.4,5,3,2.1,1.0,0.5,1
1833,14,9834.91,702.4935714285714,605.2860976253886,2556.11,163.31,4,5,2.071428571428572,0.9285714285714286,0.1428571428571428,1
1834,7,3703.88,529.1257142857143,186.99304067773423,725.59,234.88,2,3,2.4285714285714284,1.0,1.0,3
1835,10,2456.82,245.682,64.50017515910756,332.49,121.05,4,3,1.5,0.9,0.4,1
1836,9,1289.21,143.24555555555557,94.69441788076938,309.52,37.39,2,5,1.5555555555555556,0.8888888888888888,0.0,1
1837,11,93182.87,8471.17,24401.001754471064,82025.62,421.85,5,5,2.272727272727273,0.9090909090909092,0.4545454545454545,2
1838,8,2654.6,331.825,159.0456649609072,585.95,160.3,3,3,1.875,1.0,0.375,3
1839,3,2929.76,976.5866666666668,372.4086997283137,1368.71,627.66,2,3,2.0,1.0,0.6666666666666666,3
1840,12,3500.39,291.69916666666666,157.79078832764796,702.64,110.16,5,3,1.75,0.9166666666666666,0.5833333333333334,1
1841,4,1729.55,432.3875,157.11753400453642,635.05,293.54,2,1,2.75,0.75,1.0,3
1842,7,3230.53,461.5042857142857,182.51847393776723,709.16,248.66,2,3,2.7142857142857144,0.8571428571428571,1.0,3
1843,6,2733.42,455.57,257.7404905714273,715.22,190.9,3,2,3.333333333333333,1.0,0.8333333333333334,3
1844,7,1203.69,171.9557142857143,127.56468056860967,380.02,60.73,2,5,1.7142857142857142,0.8571428571428571,0.0,1
1845,8,3745.01,468.12625,137.68560334923492,715.39,337.64,3,3,3.375,1.0,0.875,3
1846,4,3484.32,871.08,556.252366167252,1599.3,245.68,3,4,2.0,1.0,0.75,3
1847,4,966.11,241.5275,64.40533175392649,317.5,166.9,3,1,2.25,1.0,0.5,3
1848,6,2988.32,498.0533333333333,251.16924283571555,788.76,201.14,4,3,3.0,1.0,0.6666666666666666,3
1849,13,77000.7,5923.130769230769,5439.956154725976,21025.13,1676.44,5,3,4.461538461538462,0.9230769230769232,0.4615384615384615,0
1850,9,4271.84,474.6488888888889,154.3083992727263,743.19,251.63,3,2,3.333333333333333,0.8888888888888888,0.8888888888888888,3
1851,8,4944.54,618.0675,343.9608794927536,1221.72,215.32,3,5,2.75,1.0,0.625,1
1852,11,69999.66,6363.605454545454,2975.7092617840326,10313.5,1531.87,4,3,4.636363636363637,0.9090909090909092,0.5454545454545454,0
1853,10,47379.39,4737.939,2002.5544402667863,9758.01,2218.07,4,3,4.4,0.8,0.4,0
1854,7,1881.05,268.7214285714286,124.82526793196048,527.08,157.84,4,3,1.5714285714285714,1.0,0.7142857142857143,3
1855,7,7082.5,1011.7857142857144,665.7193539286942,2360.47,356.3,3,4,3.0,1.0,0.7142857142857143,3
1856,9,10559.96,1173.3288888888887,608.4327204885608,2387.67,443.5,5,5,1.8888888888888888,1.0,0.2222222222222222,1
1857,8,4787.58,598.4475,425.0810268894962,1307.2,177.42,4,5,2.625,0.875,0.5,1
1858,10,9211.16,921.116,850.9597590329013,3012.18,231.06,5,5,2.7,1.0,0.5,1
1859,9,6427.64,714.1822222222222,395.54919974567576,1509.91,355.62,3,5,2.555555555555556,1.0,0.3333333333333333,1
1860,4,1124.97,281.2425,265.099939189607,671.39,110.92,3,2,2.25,1.0,0.25,3
1861,9,39825.62,4425.068888888889,2013.774938532385,7853.25,2038.63,5,3,4.666666666666667,1.0,0.3333333333333333,0
1862,5,6618.700000000001,1323.7400000000002,920.1331418604592,2775.15,499.54,2,4,2.6,1.0,1.0,3
1863,6,5021.41,836.9016666666666,401.10643272910335,1342.74,311.41,4,4,2.5,1.0,0.1666666666666666,1
1864,11,54549.04,4959.003636363636,2847.7196481685924,10738.16,2137.33,4,2,4.090909090909091,0.8181818181818182,0.5454545454545454,0
1865,5,967.53,193.506,51.50629213989296,277.83,145.95,5,3,1.6,1.0,0.4,1
1866,9,37980.86,4220.095555555556,2715.4257717580463,9833.95,2241.87,5,3,4.555555555555555,0.7777777777777778,0.4444444444444444,0
1867,10,5160.83,516.083,384.82714139814345,1257.56,97.04,4,6,2.5,0.8,0.7,1
1868,7,2415.94,345.13428571428574,106.18347468056454,474.32,169.93,3,2,2.2857142857142856,1.0,0.4285714285714285,3
1869,9,6870.29,763.3655555555556,488.7372682769115,1692.5,194.74,4,4,2.2222222222222223,0.7777777777777778,0.2222222222222222,1
1870,4,1495.73,373.9325,143.59358025923956,576.26,262.53,2,2,3.5,0.75,1.0,3
1871,8,1774.46,221.8075,63.81699991829314,303.3,116.08,4,3,1.75,0.875,0.25,1
1872,13,2578.04,198.31076923076924,315.0532915360389,1198.3,28.4,2,5,1.3846153846153846,0.9230769230769232,0.0,1
1873,7,6704.74,957.82,739.8314497235164,2332.79,103.44,4,4,2.2857142857142856,1.0,0.5714285714285714,1
1874,4,2739.46,684.865,354.74047513640164,1033.45,283.54,3,3,2.25,0.75,0.5,3
1875,4,4644.48,1161.12,832.6240322018095,1999.3,193.29,2,4,3.0,1.0,1.0,3
1876,10,7326.91,732.691,512.3179211615902,1839.58,67.6,5,6,2.5,1.0,0.2,1
1877,11,9129.83,829.9845454545455,751.448334835651,2559.71,65.32,5,5,2.0,1.0,0.4545454545454545,1
1878,7,9497.02,1356.717142857143,1220.47759023144,3371.02,384.97,4,5,2.571428571428572,1.0,0.1428571428571428,1
1879,5,23649.32,4729.864,1777.6289940620345,7330.91,3005.38,4,3,4.4,1.0,0.4,0
1880,6,46345.29,7724.215,3933.79041641392,14180.04,3922.63,3,3,4.5,0.8333333333333334,0.5,0
1881,15,3603.43,240.2286666666667,107.72646384422424,509.51,91.06,4,3,1.9333333333333331,0.9333333333333332,0.4,1
1882,6,1668.56,278.0933333333333,101.18463018989924,433.62,178.74,3,2,2.1666666666666665,1.0,0.3333333333333333,3
1883,13,3848.85,296.06538461538463,118.95730379814044,520.47,95.94,5,3,2.1538461538461537,0.8461538461538461,0.6153846153846154,1
1884,10,2716.31,271.631,136.91719780379836,536.26,82.56,4,3,1.8,1.0,0.4,1
1885,6,4054.97,675.8283333333334,427.0333383433508,1463.04,272.1,3,2,3.333333333333333,0.8333333333333334,0.8333333333333334,3
1886,9,3696.25,410.69444444444446,215.4642650830475,725.42,150.39,2,3,2.4444444444444446,0.6666666666666666,1.0,3
1887,10,4744.53,474.453,464.800893216057,1288.74,23.85,2,4,1.3,0.9,0.0,1
1888,11,13303.24,1209.3854545454544,1061.4876499928168,4076.88,267.61,5,5,3.272727272727273,0.9090909090909092,0.3636363636363636,1
1889,6,2305.65,384.275,243.5216237421228,853.5,152.7,2,3,2.6666666666666665,1.0,1.0,3
1890,8,3101.82,387.7275,196.2579157093324,739.04,128.55,3,2,3.125,1.0,0.75,3
1891,15,15253.4,1016.8933333333332,1051.3235259945077,4471.93,131.73,5,6,2.533333333333333,0.9333333333333332,0.5333333333333333,1
1892,9,2185.68,242.85333333333327,124.08202297270948,535.51,134.25,5,3,1.7777777777777777,0.7777777777777778,0.5555555555555556,1
1893,6,596.41,99.40166666666666,72.66771371569816,208.29,44.69,2,4,1.3333333333333333,1.0,0.0,1
1894,5,6231.21,1246.242,1097.9707811094063,2945.94,191.53,3,4,2.6,0.8,0.4,1
1895,7,5411.400000000001,773.0571428571429,568.8969061178626,1868.25,216.56,5,4,1.8571428571428568,0.8571428571428571,0.5714285714285714,1
1896,6,1705.87,284.31166666666667,61.954598026834674,369.37,213.21,3,3,1.6666666666666667,0.6666666666666666,0.1666666666666666,1
1897,10,185808.36,18580.836,41472.12297067974,136385.4,2288.74,4,3,4.5,0.9,0.5,2
1898,7,3801.64,543.0914285714285,195.06862189398643,892.82,363.41,2,3,2.4285714285714284,0.8571428571428571,1.0,3
1899,11,10532.71,957.5190909090908,523.7347503355978,2067.52,136.08,5,6,1.818181818181818,0.8181818181818182,0.4545454545454545,1
1900,11,2822.46,256.5872727272727,92.27059174958283,399.62,102.78,5,2,1.7272727272727273,1.0,0.3636363636363636,1
1901,8,1958.2,244.775,120.47917603114182,463.8,132.87,5,3,2.0,0.875,0.5,1
1902,9,8977.619999999999,997.5133333333332,974.2371769107356,3451.04,221.93,3,6,2.333333333333333,1.0,0.7777777777777778,1
1903,9,8524.09,947.1211111111112,858.4974796475009,2880.28,221.15,5,3,2.333333333333333,1.0,0.3333333333333333,1
1904,6,1796.03,299.3383333333333,139.2331833172921,497.73,186.66,4,3,1.8333333333333333,1.0,0.6666666666666666,3
1905,8,3862.63,482.82875,155.07098572105613,732.23,321.34,3,3,2.25,0.75,0.75,3
1906,9,54199.92,6022.213333333333,3426.909173296689,13490.24,1793.23,4,3,4.333333333333333,1.0,0.3333333333333333,0
1907,7,1987.2,283.88571428571424,178.52257680352767,567.37,131.39,3,2,1.8571428571428568,0.8571428571428571,0.7142857142857143,3
1908,5,5085.58,1017.116,610.9712349857398,1737.89,241.77,4,2,3.2,1.0,0.6,3
1909,10,2185.98,218.598,79.50914437975044,362.81,92.82,4,3,2.3,0.9,0.3,1
1910,5,3213.1,642.62,309.8085180397725,1117.17,299.4,3,2,2.6,1.0,0.8,3
1911,10,4698.44,469.844,209.7802856535592,737.29,164.68,3,3,3.2,0.9,0.7,3
1912,10,3320.69,332.069,49.267598198229855,401.56,248.29,2,3,2.9,1.0,1.0,3
1913,8,35533.48,4441.685,1271.6784371507945,6858.85,3128.9,4,3,4.25,0.875,0.375,0
1914,7,2024.41,289.2014285714285,81.26041111319654,406.63,187.07,4,3,1.4285714285714286,1.0,0.2857142857142857,1
1915,13,2593.64,199.51076923076923,34.06504377939808,254.52,127.06,5,2,2.1538461538461537,1.0,0.5384615384615384,1
1916,9,6657.76,739.7511111111112,565.1608257488404,1794.31,167.31,4,6,3.0,0.7777777777777778,0.4444444444444444,1
1917,11,4971.66,451.9690909090909,212.6497948484572,914.95,229.96,3,3,2.8181818181818183,0.9090909090909092,0.9090909090909092,3
1918,7,4133.35,590.4785714285715,236.96075936946264,898.41,254.11,2,2,3.142857142857143,0.8571428571428571,1.0,3
1919,9,3447.69,383.07666666666665,262.8913953517688,1045.37,201.07,3,3,2.7777777777777777,1.0,0.7777777777777778,3
1920,12,2092.73,174.39416666666668,116.87981919735358,346.01,20.28,2,5,1.3333333333333333,0.9166666666666666,0.0,1
1921,12,83985.73999999999,6998.811666666666,22708.42667027248,79100.3,148.58,2,3,3.083333333333333,0.9166666666666666,1.0,0
1922,6,1893.8,315.6333333333334,158.48260304104886,610.7,180.01,4,3,1.5,1.0,0.3333333333333333,1
1923,12,2937.02,244.7516666666667,75.2694009823542,390.34,129.18,5,3,1.8333333333333333,0.8333333333333334,0.5833333333333334,1
1924,7,4115.03,587.8614285714285,377.8254066112447,1286.11,233.75,3,3,2.2857142857142856,1.0,0.1428571428571428,1
1925,12,3196.47,266.3725,222.7053795376304,942.68,73.91,5,3,1.8333333333333333,0.75,0.4166666666666667,1
1926,8,39851.88,4981.485,2492.380374083034,9932.57,2484.58,3,3,3.75,0.875,0.0,0
1927,7,5014.6900000000005,716.3842857142857,597.3137574412391,1982.98,281.32,4,5,2.857142857142857,0.7142857142857143,0.7142857142857143,1
1928,8,3541.5,442.6875,272.6617390388946,906.16,204.44,2,3,3.5,0.875,1.0,3
1929,15,95926.78,6395.118666666666,2884.2495688229264,11374.37,2316.09,5,3,4.2,0.8666666666666667,0.4,0
1930,9,4764.52,529.3911111111112,225.09850324049492,913.96,187.48,3,2,3.333333333333333,1.0,0.8888888888888888,3
1931,4,1530.38,382.595,225.6861626979673,673.38,125.5,2,1,2.75,1.0,1.0,3
1932,9,12998.76,1444.3066666666666,1463.6549813139022,4895.23,217.21,5,5,3.0,0.8888888888888888,0.2222222222222222,1
1933,6,25298.13,4216.3550000000005,2243.5496252211583,7314.88,1689.98,5,2,4.166666666666667,1.0,0.5,0
1934,10,2493.82,249.382,65.16923742584892,339.69,137.78,5,3,1.9,1.0,0.3,1
1935,8,2597.63,324.70375,107.641196566251,497.57,154.15,2,3,3.0,1.0,1.0,3
1936,16,8757.55,547.346875,279.7674296201222,1145.19,192.07,3,3,2.9375,0.8125,0.875,1
1937,13,5728.53,440.6561538461538,236.07685230091428,1030.0,156.29,3,3,3.230769230769231,1.0,0.9230769230769232,3
1938,9,8351.98,927.9977777777776,809.9762639080508,2445.91,79.08,5,6,2.333333333333333,1.0,0.6666666666666666,1
1939,6,1477.92,246.32,50.04509726236927,304.96,176.69,3,3,2.1666666666666665,1.0,0.3333333333333333,3
1940,11,2762.29,251.11727272727276,99.42720292665472,435.07,122.56,5,3,2.363636363636364,0.9090909090909092,0.4545454545454545,1
1941,3,894.34,298.11333333333334,158.77381847563322,390.67,114.78,2,3,3.6666666666666665,1.0,1.0,3
1942,8,2050.25,256.28125,47.80804936335064,344.32,172.86,4,2,2.125,1.0,0.375,3
1943,9,2241.03,249.00333333333336,71.371614105329,338.4,155.08,5,3,2.0,0.7777777777777778,0.3333333333333333,1
1944,10,6919.36,691.9359999999999,589.5744540900289,1981.71,201.49,3,6,2.8,0.8,0.7,1
1945,10,45555.7,4555.57,1816.8836419539916,7110.07,2186.74,5,3,4.8,0.9,0.5,0
1946,12,3058.57,254.88083333333336,118.56696423681149,538.99,147.65,5,3,2.083333333333333,0.8333333333333334,0.5,1
1947,13,10458.81,804.5238461538463,831.9495722852685,2978.05,193.28,4,5,2.3846153846153846,1.0,0.4615384615384615,1
1948,6,1555.23,259.205,97.58682385445282,453.66,197.97,3,2,1.8333333333333333,1.0,0.3333333333333333,3
1949,4,962.06,240.515,59.43959202417189,317.94,186.11,3,3,1.25,1.0,0.75,3
1950,6,2957.1,492.85,217.38569860963716,765.39,281.23,3,3,3.333333333333333,0.8333333333333334,0.8333333333333334,3
1951,6,105058.79,17509.798333333332,41964.47967990139,103169.05,156.13,3,2,2.833333333333333,1.0,0.6666666666666666,2
1952,10,2698.88,269.88800000000003,69.79162904277592,367.12,170.42,4,3,2.0,1.0,0.5,1
1953,9,3478.27,386.4744444444444,173.74644601481145,750.48,240.51,2,2,2.7777777777777777,0.8888888888888888,0.8888888888888888,3
1954,6,1595.06,265.8433333333333,91.45824876229956,419.7,193.34,4,3,2.333333333333333,0.8333333333333334,0.3333333333333333,1
1955,10,8204.07,820.4069999999999,496.8659366480168,1742.02,260.3,5,6,2.3,1.0,0.4,1
1956,11,4341.65,394.69545454545454,171.03569921882607,683.72,112.62,3,3,2.5454545454545454,0.8181818181818182,0.9090909090909092,3
1957,8,3092.17,386.52125,165.91638000919963,705.38,183.46,2,3,2.875,1.0,1.0,3
1958,14,4569.1,326.36428571428576,144.86828833404212,763.57,169.77,3,3,2.7857142857142856,0.8571428571428571,0.8571428571428571,3
1959,9,2765.24,307.24888888888887,141.77392429890313,587.47,123.25,5,3,1.7777777777777777,0.7777777777777778,0.4444444444444444,1
1960,7,205510.04,29358.577142857142,67401.68582433891,182118.21,2032.22,4,3,4.714285714285714,0.8571428571428571,0.1428571428571428,2
1961,3,1659.31,553.1033333333334,181.95915374977247,754.79,401.26,1,3,2.6666666666666665,0.6666666666666666,1.0,3
1962,13,3342.27,257.0976923076923,98.70916709825268,441.97,109.64,5,3,1.6923076923076923,1.0,0.3846153846153846,1
1963,11,2815.43,255.9481818181818,95.49920353784964,378.71,142.49,5,3,1.818181818181818,1.0,0.7272727272727273,1
1964,7,2900.7,414.38571428571424,152.50818271567624,577.27,248.53,2,3,2.4285714285714284,1.0,1.0,3
1965,4,1655.66,413.915,182.8306774951439,634.05,186.43,2,3,3.0,1.0,1.0,3
1966,7,2770.67,395.81,136.85770870993468,598.01,231.76,3,3,3.0,0.8571428571428571,0.8571428571428571,3
1967,2,467.16,233.58,101.49810737151704,305.35,161.81,1,2,2.5,1.0,0.0,3
1968,10,4378.61,437.861,204.92777217839452,841.06,235.85,3,3,3.1,0.9,0.8,3
1969,5,47399.91,9479.982,5672.210422918917,18751.2,5257.85,4,3,4.2,1.0,0.2,0
1970,6,45011.92,7501.986666666667,4714.394497925123,14721.22,2224.14,4,2,4.166666666666667,0.8333333333333334,0.5,0
1971,12,8475.65,706.3041666666667,775.1869037905202,2507.83,136.1,5,6,2.833333333333333,0.9166666666666666,0.5,1
1972,7,31291.47,4470.21,1977.394043288624,7237.57,2757.72,3,3,4.428571428571429,1.0,0.2857142857142857,0
1973,13,3646.61,280.5084615384616,143.27979014537453,719.21,119.32,5,3,1.7692307692307692,0.8461538461538461,0.6153846153846154,1
1974,13,17152.95,1319.4576923076925,1257.9653332938994,5004.18,131.8,5,5,3.0,0.9230769230769232,0.6153846153846154,1
1975,8,2682.52,335.315,120.03148432212036,530.03,196.16,4,2,1.625,0.875,0.625,3
1976,8,2146.73,268.34125,29.244150788784115,317.3,237.38,4,3,1.375,0.875,0.75,1
1977,7,2181.85,311.6928571428571,102.48175621613272,431.11,177.61,4,3,1.5714285714285714,1.0,0.4285714285714285,1
1978,9,12453.46,1383.7177777777777,1075.884629081782,3916.56,380.48,4,5,2.6666666666666665,1.0,0.3333333333333333,1
1979,4,4400.29,1100.0725,522.6685206626345,1789.64,608.02,2,2,1.75,1.0,0.75,3
1980,10,4183.6900000000005,418.369,148.4963121465012,662.83,131.24,3,3,2.8,0.9,0.8,3
1981,10,5235.1,523.51,257.6367177937872,922.05,187.42,3,3,2.8,1.0,0.9,3
1982,7,3926.33,560.9042857142857,293.5932308970549,918.44,214.01,4,3,2.142857142857143,1.0,0.1428571428571428,1
1983,10,4476.27,447.62700000000007,246.45253286721697,875.09,194.07,3,3,3.3,1.0,0.9,3
1984,10,73057.48,7305.748,5400.1083365589375,16176.59,1989.67,4,3,3.9,0.9,0.7,0
1985,8,1948.43,243.55375,155.61549444865702,571.74,92.58,4,3,2.25,1.0,0.25,1
1986,8,2711.9,338.9875,202.7173835487651,723.61,142.44,3,3,2.625,0.875,0.75,3
1987,8,2094.27,261.78375,109.22600932241367,416.34,106.09,4,2,2.375,0.875,0.375,1
1988,15,2694.74,179.64933333333332,152.62458866057435,467.13,27.63,2,6,1.6,0.8666666666666667,0.0,1
1989,6,4433.93,738.9883333333333,218.7336566161382,995.81,456.37,3,4,2.6666666666666665,0.6666666666666666,0.8333333333333334,3
1990,11,4961.05,451.0045454545455,285.5553892457166,1165.82,101.15,3,3,2.909090909090909,1.0,0.9090909090909092,3
1991,6,5329.59,888.265,671.7706380528998,2073.59,342.17,3,4,2.0,1.0,0.6666666666666666,3
1992,8,6662.47,832.80875,389.724168884225,1644.43,457.2,3,6,2.875,1.0,0.625,1
1993,10,2351.08,235.108,88.20387933015695,417.34,120.71,4,2,2.5,1.0,0.6,3
1994,9,3578.84,397.6488888888889,167.4759018817666,780.89,229.26,2,2,3.333333333333333,0.7777777777777778,0.8888888888888888,3
1995,7,5802.4,828.9142857142857,577.1862481284281,1608.79,309.13,4,3,2.0,0.7142857142857143,0.5714285714285714,1
1996,5,312.16,62.432,57.93567700476106,159.57,12.2,2,4,1.2,1.0,0.0,1
1997,8,2645.92,330.74,128.80760869274323,502.22,194.11,5,3,2.625,0.875,0.5,1
1998,7,54906.86,7843.837142857143,4006.885440687128,14181.17,3663.1,4,3,4.714285714285714,1.0,0.4285714285714285,0
1999,7,1319.69,188.52714285714288,64.88707953418917,310.51,123.4,3,3,2.4285714285714284,1.0,0.7142857142857143,3
2000,3,1725.33,575.11,276.7848267156276,892.82,386.17,2,2,1.6666666666666667,1.0,0.0,3
